path,size,ext,magic_hex,kind,sha256
a/a.class,8306,.class,ca fe ba be 00 03 00 2d 01 94 08 00 e9 08 01 14,java_class,085f2ba3b23e8cd73659f5e9cc87e86d7dd7c73a7cb93d4fe4bae09dd5969917
a/b.class,79,.class,ca fe ba be 00 03 00 2d 00 07 07 00 05 07 00 06,java_class,906165cad66e5b91b8de6a40365453ddbc427a5de6ab7b65250b94333ef296d1
a/c.class,1961,.class,ca fe ba be 00 03 00 2d 00 6a 07 00 56 07 00 57,java_class,bf12aedd86ea50b2a4be68087dbb82b1ae9500b1322c78b013c58949c643f8b5
a/d.class,351,.class,ca fe ba be 00 03 00 2d 00 23 08 00 10 07 00 1b,java_class,e5668035e6f1538b1e943980b35e0dcf4c9d2b0335b945e646d2935a96c250e5
a/e.class,146,.class,ca fe ba be 00 03 00 2d 00 0a 08 00 09 07 00 06,java_class,ad0fbc758303c0c394d3c893f8705f73ac3aee51070f1633809661d49f010c66
a/f.class,2487,.class,ca fe ba be 00 03 00 2d 00 86 03 00 01 00 00 08,java_class,b8ec6f3f0d527c2db5b6da4822fb78bf4236d937df841d69606c79598fc15bfc
a/g.class,12252,.class,ca fe ba be 00 03 00 2d 01 53 03 00 01 ff ff 08,java_class,b877d3d971a3a2c78a6cddc9fc2521bea2584f082d7268dfca0d3fcf0694ebcd
a/h.class,3669,.class,ca fe ba be 00 03 00 2d 00 80 08 00 76 08 00 7f,java_class,79cc530f6629851003a505b4a2eddf21361d879aa3fc9225c086f0449c069a52
a/i.class,2420,.class,ca fe ba be 00 03 00 2d 00 81 08 00 4a 08 00 61,java_class,bd089099d6b0e19d56d95fbc75eaa771d1595c465d43bdf45d42a441af3c86c9
a/j.class,461,.class,ca fe ba be 00 03 00 2d 00 1f 07 00 19 07 00 1a,java_class,04ddb9f9da8d0e01e1dcec5359fc58cc3e138e93604fd61fb618fe52ff0ddc1f
a.class,896,.class,ca fe ba be 00 00 00 2f 00 2b 07 00 23 07 00 29,java_class,71bad0e94c166a5b51bc0ef9629512d2bddefa4cd11efdf14ebe5b0f9c3339e4
aa.class,1679,.class,ca fe ba be 00 00 00 2f 00 58 08 00 3f 08 00 4a,java_class,543dad536e51b243eadd442be292612bae27712a696c412484a9256890107304
ab.class,2764,.class,ca fe ba be 00 00 00 2f 00 ae 08 00 7d 07 00 88,java_class,4ecbbc9984ee3f36fef5a7afdabd17c3db41b8d9430ca7bacae331bcb9d15a61
ac.class,6218,.class,ca fe ba be 00 00 00 2f 00 a8 07 00 87 07 00 88,java_class,b6d5f93bebc502b93fbc5f36463739b2a3c4d89d8cecba6a49ffb100fb347777
ad.class,706,.class,ca fe ba be 00 00 00 2f 00 27 07 00 1c 07 00 1f,java_class,6a3173d40f18da107329f384652e418692d540a3b1ad95572cdcd06cc359ee79
ae.class,15757,.class,ca fe ba be 00 00 00 2f 01 e2 03 ed b8 83 20 03,java_class,5cabc6437dd6660e4f315e3147f92675da4ff5941a508ad79935342a7bc15324
af.class,2613,.class,ca fe ba be 00 00 00 2f 00 72 07 00 5f 07 00 60,java_class,06c4f3ab97d4021546a74e5cd6e69b35be1e7bc091b2f3d6012045f770e0136f
ag.class,990,.class,ca fe ba be 00 00 00 2d 00 3b 01 00 02 61 67 07,java_class,2170a50d30bbb3a992832a5e979c5bdf81389fadcbc7079f4ec954b4b137a98e
ah.class,9919,.class,ca fe ba be 00 00 00 2f 00 a0 03 00 ff 00 ff 03,java_class,5b07f5654cd3e7ec654e3cf60d0bfc22033f27bc0277588ff1dd9cf57589f682
ai.class,1205,.class,ca fe ba be 00 00 00 2f 00 47 07 00 38 07 00 3e,java_class,010e4c57f2fd1d08f2df424d211480b743d53ba4db674489a7b0d5e49e1a5928
aj.class,1882,.class,ca fe ba be 00 03 00 2d 00 77 08 00 57 08 00 59,java_class,046b1a755d346575dd9306bbe7eafbaf4679e2a3d725a3901c1a3f70a3579d65
ak.class,291,.class,ca fe ba be 00 00 00 2f 00 18 07 00 13 07 00 17,java_class,f906df87c7a7b2bf05ceefd4fdf659c085d95ebb51b6693b91df33ab7305856c
al.class,3235,.class,ca fe ba be 00 00 00 2f 00 7e 07 00 66 07 00 6a,java_class,02ed52b3869daacad7f70a9ae5ea04e830243e23ea9f7c91a7eff78fcc1a4f55
am.class,854,.class,ca fe ba be 00 00 00 2f 00 31 03 00 00 c3 50 08,java_class,ed1ae5e081e42db563e049220202336d847b1badd0f13549541ac971b7bf33df
an.class,9390,.class,ca fe ba be 00 00 00 2f 01 a3 01 00 02 61 6e 07,java_class,09218e38f7f12167b1c821be53f3bf671c478cccb562f09a41ba6e4b89488b53
ao.class,14243,.class,ca fe ba be 00 00 00 2f 01 df 08 01 8f 08 01 b2,java_class,e9a97acfd4912565c61cfd4ccdd1ae580bd0ec28bff66dd3c628235ec612d49f
ap.class,1853,.class,ca fe ba be 00 00 00 2f 00 4b 03 00 00 80 00 03,java_class,d6b1f1397b2c2f81fd98f3d0d864cc3d6b889b70ec4ecd742aa67abae8d303bd
aq.class,2470,.class,ca fe ba be 00 00 00 2f 00 9b 08 00 58 08 00 6b,java_class,b62a611def8d315599505a946714c05f32ce70f91dcd030781de7af7b7454341
ar.class,2649,.class,ca fe ba be 00 00 00 2f 00 97 07 00 70 07 00 73,java_class,a1946c590909f120ee27b660bc2511f38d314ba1402beaab952a4a6dc7080fd6
as.class,218,.class,ca fe ba be 00 00 00 2f 00 14 07 00 0f 07 00 10,java_class,c3e5476480a7a0c5c995a483b7402b7f6eb39d6b1e30544fe9791b6e100087d8
b.class,16537,.class,ca fe ba be 00 00 00 2f 01 95 03 88 00 00 00 03,java_class,1602fc3cf1d3c7bf2af0178d9384288671e511a05d6a888079e6b5c5fcd4dd25
c.class,72,.class,ca fe ba be 00 03 00 2d 00 07 07 00 05 07 00 06,java_class,a507e940ed7d6f3060ea7fa0aa7fd93410e5799ad7ce0a9c754816f78bc45ae4
cpid.txt,849,.txt,31 2c 44 35 39 33 31 42 35 41 35 42 42 39 42 30,unknown_or_misc,f5a959ad48156b6851a74946b3dac1201d94e40d4615b823652c6188aa2183e7
d.class,8343,.class,ca fe ba be 00 00 00 2f 00 99 07 00 7b 07 00 80,java_class,b97548bcfea80ef719e5b0e5f386b6a3e14d88d9211ce39ad3c652324e5f231c
data/event/scene_0.mid,7269,.mid,00 02 17 f1 04 6e 00 a9 00 b6 00 23 00 46 00 46,event_scene_binary,a09452577815d94547b3348572b33bc7ff46c18c00a2ff6d30a3460ddc68fb03
data/event/scene_1.mid,42724,.mid,00 07 3f af 08 1d 0d 15 3d 76 0a d3 03 c4 05 e6,event_scene_binary,6844add031b201bce93917551b54014acd55b2d68e560aeaa8173cb54f9307fc
data/event/scene_10.mid,25577,.mid,00 0f 09 bd 03 ba 02 96 03 1a 09 7f 02 6f 01 75,event_scene_binary,ab010e0dd1cd8c9985b3b0dc3f10aea5e43be3dcf653fd4a22da79b6f2c3a766
data/event/scene_11.mid,86677,.mid,00 1d 1b 23 10 b3 21 20 4c a1 02 38 02 2d 02 73,event_scene_binary,94f779f3135bb5147220c1e18d40727099d5366b1ca36404accd7cc1b4b86c29
data/event/scene_12.mid,356,.mid,00 01 01 60 00 00 0c 00 47 00 69 00 61 00 6e 00,event_scene_binary,ff21e50363090d35fcd38c65f7c30ce51cf26f013ea9ba78ec68c63bacfec91c
data/event/scene_13.mib,2371,.mib,1b 6d 61 6e 51 00 01 04 04 04 04 01 00 00 00 00,vm_bytecode_script,9a847bed4dbc10ef86647cd2951f4ca050980925b1bac26070ce2729af23b904
data/event/scene_2.mid,46591,.mid,00 08 11 2c 5c e0 0f 28 0d 4a 09 85 0a 05 0a 9c,event_scene_binary,66b3a903fc5ce1ef23276fce2dac05957ffa3aa874dd286c98ea9b71cce22b67
data/event/scene_3.mid,32563,.mid,00 08 03 4d 08 6d 04 64 34 e5 05 10 07 d5 16 9d,event_scene_binary,28b555412a7090f363a1ae289dac08d5a181d236f81289352b323d9436c9b576
data/event/scene_4.mid,46439,.mid,00 0d 06 97 06 15 10 64 05 b4 07 7b 41 44 04 04,event_scene_binary,b2260bb6cd4036c72a52a3c3919295de40ca971f24a7645eab632728992e68a6
data/event/scene_5.mid,23770,.mid,00 07 01 fa 08 26 02 8a 1d 93 05 f0 11 bf 1a de,event_scene_binary,ae5b1ea174962fa5bdc743f330e623f412d4bcee4f209a46c56240618e485c23
data/event/scene_6.mid,2215,.mid,00 02 02 41 06 60 00 04 00 12 00 42 00 69 00 6e,event_scene_binary,612e0a05939acde99d7dc7dafb2e1c29637ce8b8a90d1270fa5d88b6a60f6b91
data/event/scene_7.mid,39268,.mid,00 0d 0e b9 01 d2 22 93 1c b5 04 9a 03 76 14 e2,event_scene_binary,ad6b57477f5ef2712cbdf5cee0ca0a7978bca4d54706727a649be1469e44cc4c
data/event/scene_9.mid,27670,.mid,00 08 14 7a 22 0e 05 d4 05 20 08 ac 0e 46 08 97,event_scene_binary,1b3fe4919a9f6263de8863e5e4eab6e40d6592dedcbb2cb7a13ad0405d7b4332
data/img/img_0.mid,315,.mid,89 50 4e 47 0d 0a 1a 0a 00 00 00 0d 49 48 44 52,png_image,488d6871b8f89bb3559f630c30669686bb277bfa30f564e460bdcd2535ef9237
data/img/img_1.mid,3515,.mid,89 50 4e 47 0d 0a 1a 0a 00 00 00 0d 49 48 44 52,png_image,595490295b731aecfe0ac7a3885cd474f7817c2fd48cb0d43c1cffc585133875
data/img/img_10.mid,4242,.mid,89 50 4e 47 0d 0a 1a 0a 00 00 00 0d 49 48 44 52,png_image,26d7d1bb624bac37645f34f2cfe0a929ff7fd39109d39ad71e4841669a3b0cc9
data/img/img_100.mid,3138,.mid,89 50 4e 47 0d 0a 1a 0a 00 00 00 0d 49 48 44 52,png_image,a6fabd6defcc0cc9d82df084a7ac705dcf661a4a0667b8ace6da28f924ee4a97
data/img/img_10023.mid,235,.mid,89 50 4e 47 0d 0a 1a 0a 00 00 00 0d 49 48 44 52,png_image,ac4e409c195e46bbf3bd39b33aeb28a84c7c2a48bf202f578d4d29573a18a528
data/img/img_101.mid,1253,.mid,89 50 4e 47 0d 0a 1a 0a 00 00 00 0d 49 48 44 52,png_image,6533a7557718208d26f47082c6266dda1201ef07185bb5d580389b9b7e3d45e4
data/img/img_102.mid,1476,.mid,89 50 4e 47 0d 0a 1a 0a 00 00 00 0d 49 48 44 52,png_image,1018f5457ee62ec57457be986c1c137a7a8924cc40e10c5807e482318b797078
data/img/img_103.mid,1544,.mid,89 50 4e 47 0d 0a 1a 0a 00 00 00 0d 49 48 44 52,png_image,9b81b88f104a0f7c9bd3060eea7680299b48f587c5a42a50af0afc19ec7eb8bd
data/img/img_104.mid,2122,.mid,89 50 4e 47 0d 0a 1a 0a 00 00 00 0d 49 48 44 52,png_image,cd06f430a8973f878ece8d6fcc0e0670639e84376cdbebc68f4d231d652dddbd
data/img/img_108.mid,2315,.mid,89 50 4e 47 0d 0a 1a 0a 00 00 00 0d 49 48 44 52,png_image,e3abc98349f649faa8652b5d561f39d2f908b02b291be81d4a7390adc5a56561
data/img/img_11.mid,1086,.mid,89 50 4e 47 0d 0a 1a 0a 00 00 00 0d 49 48 44 52,png_image,81d32d231819b3900450c0cc4559e684250f8b0f12c6ce063e594684c24ec8b6
data/img/img_113.mid,728,.mid,89 50 4e 47 0d 0a 1a 0a 00 00 00 0d 49 48 44 52,png_image,c10f60ca1d90d4fffbba2ae093ad930509409aa6fd3059f1dcf3c13a0e70b796
data/img/img_117.mid,452,.mid,89 50 4e 47 0d 0a 1a 0a 00 00 00 0d 49 48 44 52,png_image,68ae7c1f18bcbfb5d8704c08d3b2d33248f5afb090285611feff9a23a9d95a2b
data/img/img_12.mid,3180,.mid,89 50 4e 47 0d 0a 1a 0a 00 00 00 0d 49 48 44 52,png_image,a96a127016ec776e4ec5106ff6d2630edd9dc3c67e04655cb345d9a91d9580a0
data/img/img_120.mid,831,.mid,89 50 4e 47 0d 0a 1a 0a 00 00 00 0d 49 48 44 52,png_image,a87b0d65095d452c1bc919c84095b7c7c3c059bd5e8392daf45be65712197659
data/img/img_122.mid,828,.mid,89 50 4e 47 0d 0a 1a 0a 00 00 00 0d 49 48 44 52,png_image,dbdb96a260b945ca4ef581d0ae6ab3562468483f7fb6cbd1bdca949e157ee8ee
data/img/img_123.mid,689,.mid,89 50 4e 47 0d 0a 1a 0a 00 00 00 0d 49 48 44 52,png_image,db7ac6504a27498f595b6b1eff5b451ae25e318e82f03ecdbfffc7a93456581b
data/img/img_124.mid,1250,.mid,89 50 4e 47 0d 0a 1a 0a 00 00 00 0d 49 48 44 52,png_image,bab6900ad60fc8bf5d13cfd9bf012faca407c39dd790a0dff8d079a42700a904
data/img/img_126.mid,1890,.mid,89 50 4e 47 0d 0a 1a 0a 00 00 00 0d 49 48 44 52,png_image,6652ce686ca34478cb28bbe736cda9bed0d6a8516ed48094482fda12245480b0
data/img/img_127.mid,1331,.mid,89 50 4e 47 0d 0a 1a 0a 00 00 00 0d 49 48 44 52,png_image,ac795312e9606bae67a36a7272470acc9c04fa29ff9fc8ab40d72da0c4f6ac08
data/img/img_130.mid,1433,.mid,89 50 4e 47 0d 0a 1a 0a 00 00 00 0d 49 48 44 52,png_image,5ba0cde33075d2b460c04e5f59d5ae946065a8274b49635d680e2c922fa3017b
data/img/img_131.mid,1269,.mid,89 50 4e 47 0d 0a 1a 0a 00 00 00 0d 49 48 44 52,png_image,48029f04dbf559fd5fb19f1d1ffff7686580266e400f0f9ef23de78937b71f8b
data/img/img_132.mid,1510,.mid,89 50 4e 47 0d 0a 1a 0a 00 00 00 0d 49 48 44 52,png_image,bc5a156a9fd841ff6f890514cfca7348657012a9a32704a600215c8b595d49c5
data/img/img_134.mid,1176,.mid,89 50 4e 47 0d 0a 1a 0a 00 00 00 0d 49 48 44 52,png_image,f4e70b7de61d33877b7b159ab32d47ac98a407c232df92db9acb2ea319cda829
data/img/img_135.mid,1876,.mid,89 50 4e 47 0d 0a 1a 0a 00 00 00 0d 49 48 44 52,png_image,58b14a2de6b7d2731aec9b19222564addd0f643f1c83f652a753ef33596235b6
data/img/img_136.mid,1376,.mid,89 50 4e 47 0d 0a 1a 0a 00 00 00 0d 49 48 44 52,png_image,9fe30ff73db5dd8882926bbdbc0ccc0b717d01be782c28fbd816ac47fb246c9a
data/img/img_137.mid,1060,.mid,89 50 4e 47 0d 0a 1a 0a 00 00 00 0d 49 48 44 52,png_image,a9c88c95bb5200d49a1853394361faa785477f2537f0cc305b8fbe67f0e3fd39
data/img/img_14.mid,2487,.mid,89 50 4e 47 0d 0a 1a 0a 00 00 00 0d 49 48 44 52,png_image,15454c1aaaa732dd1ff69b02cb7b50be2f2441e850fddab7d6673d36a477ec50
data/img/img_142.mid,952,.mid,89 50 4e 47 0d 0a 1a 0a 00 00 00 0d 49 48 44 52,png_image,a2fd261698c7119969f81ef1f69cf71167cf69e3bf8f3579fa1601d488bd038a
data/img/img_143.mid,879,.mid,89 50 4e 47 0d 0a 1a 0a 00 00 00 0d 49 48 44 52,png_image,39cc284ae3b1b8ce04b0757bbdbea537fd2ac3aa0cef6023693baab94fae90b2
data/img/img_144.mid,936,.mid,89 50 4e 47 0d 0a 1a 0a 00 00 00 0d 49 48 44 52,png_image,49fc7e1ffe99bfd020918b3c94cedf304059b96433435ac89f44fabbf5c57888
data/img/img_145.mid,1941,.mid,89 50 4e 47 0d 0a 1a 0a 00 00 00 0d 49 48 44 52,png_image,84d3951a61776606c5c682f9d26ffd0cb819f6baf3c9847898965d02ee67fcec
data/img/img_146.mid,837,.mid,89 50 4e 47 0d 0a 1a 0a 00 00 00 0d 49 48 44 52,png_image,c6ac391e5187ee565f4703454b116a2db4a40483d8e9aad394ef5beabf4d5930
data/img/img_148.mid,824,.mid,89 50 4e 47 0d 0a 1a 0a 00 00 00 0d 49 48 44 52,png_image,348ea9d1f6635c3333f92be635904c760ebd48648473a1678d42a5df64a04a6f
data/img/img_149.mid,983,.mid,89 50 4e 47 0d 0a 1a 0a 00 00 00 0d 49 48 44 52,png_image,ceda19ec9e51801954aeedc9ea984af900fe6940d737d49ae12964daf6a1fa0f
data/img/img_151.mid,1404,.mid,89 50 4e 47 0d 0a 1a 0a 00 00 00 0d 49 48 44 52,png_image,22aca4f655411c4cdc8b79f57889f7ba2fad82dabb67193705674160eda001f8
data/img/img_152.mid,1379,.mid,89 50 4e 47 0d 0a 1a 0a 00 00 00 0d 49 48 44 52,png_image,700f5a1ef451c236e5ab81ccc5496b10f707f3040af2d155805bb84ab4648ec9
data/img/img_157.mid,677,.mid,89 50 4e 47 0d 0a 1a 0a 00 00 00 0d 49 48 44 52,png_image,9e5de3e284f18eae2d99afaf12749ce9ed191a74a95c76b909df87dcbcf7e34d
data/img/img_159.mid,1492,.mid,89 50 4e 47 0d 0a 1a 0a 00 00 00 0d 49 48 44 52,png_image,a5a197539caa74db19b7e6fe6ce43b9b75f319112e1e462b30f9d8a990f171ab
data/img/img_16.mid,4108,.mid,89 50 4e 47 0d 0a 1a 0a 00 00 00 0d 49 48 44 52,png_image,33b329e7cdc895b48d2a54f84fa07823b5b9b0e8015b099321038d3b71ff4dd6
data/img/img_161.mid,2581,.mid,89 50 4e 47 0d 0a 1a 0a 00 00 00 0d 49 48 44 52,png_image,e9e21a02db303c2ef49109bd217737d0535ff388f0d7131bce2362674d2ba05a
data/img/img_162.mid,2489,.mid,89 50 4e 47 0d 0a 1a 0a 00 00 00 0d 49 48 44 52,png_image,de2f909b17e60a6f7642aa16a69f5eb1e2bd84435e451eed4829870fbc087e97
data/img/img_163.mid,2476,.mid,89 50 4e 47 0d 0a 1a 0a 00 00 00 0d 49 48 44 52,png_image,98c276bd0b3a0f7672b17a87892a5327f5475372b2ae230b3fa32f025ac3a846
data/img/img_164.mid,516,.mid,89 50 4e 47 0d 0a 1a 0a 00 00 00 0d 49 48 44 52,png_image,dd707cbefdc5a3b67574dd1b81d912f170133582034705216c682c5c5f49fcf6
data/img/img_17.mid,1623,.mid,89 50 4e 47 0d 0a 1a 0a 00 00 00 0d 49 48 44 52,png_image,6b35d1204c4026edf1b9e6bf64170bbc0ae7d79f7a4b038b2f787798d9b68a68
data/img/img_18.mid,209,.mid,89 50 4e 47 0d 0a 1a 0a 00 00 00 0d 49 48 44 52,png_image,baf4731d794db3f2c9f45a229c89b320740a9e582b95f83b0c13ab6574ad1482
data/img/img_2.mid,2032,.mid,89 50 4e 47 0d 0a 1a 0a 00 00 00 0d 49 48 44 52,png_image,631857b48bb40e79ebb5ed3638363da65b0a142619d52fe24693b9b9908569a7
data/img/img_200.mid,3876,.mid,89 50 4e 47 0d 0a 1a 0a 00 00 00 0d 49 48 44 52,png_image,1327affe872072a66ad1da677c058c45e849838b4b500fedb21596516fa5d285
data/img/img_201.mid,3027,.mid,89 50 4e 47 0d 0a 1a 0a 00 00 00 0d 49 48 44 52,png_image,f675c587f9b43fb176c6012f4d9b11da89b3a82bc3fde0a78242ca0183d9bc5c
data/img/img_202.mid,434,.mid,89 50 4e 47 0d 0a 1a 0a 00 00 00 0d 49 48 44 52,png_image,82ff19466284297af9bbc800dedde83ce7396f72fd332f5d599da2958b2fd893
data/img/img_203.mid,557,.mid,89 50 4e 47 0d 0a 1a 0a 00 00 00 0d 49 48 44 52,png_image,826e6409640ab0564353cd261af9deab4cad91d7b3687f6f9278a9a0316b5c01
data/img/img_204.mid,1481,.mid,89 50 4e 47 0d 0a 1a 0a 00 00 00 0d 49 48 44 52,png_image,5b247e30b46f9b7162afb017f8215083ae2c84fa872c4db1d294a373c4a2209d
data/img/img_205.mid,1136,.mid,89 50 4e 47 0d 0a 1a 0a 00 00 00 0d 49 48 44 52,png_image,c6774e68761e468899eb2791b0298b5683285c18f91adb2d938e8a2d581079fc
data/img/img_206.mid,249,.mid,89 50 4e 47 0d 0a 1a 0a 00 00 00 0d 49 48 44 52,png_image,0a4a994ff3f63e70f698277409f9e9948dfd97447b92719269de6c16790ac877
data/img/img_207.mid,224,.mid,89 50 4e 47 0d 0a 1a 0a 00 00 00 0d 49 48 44 52,png_image,5de0f480d416a5a8e7087d4140fe421991f0bcabe79d02570e4952ab34548ee2
data/img/img_208.mid,7134,.mid,89 50 4e 47 0d 0a 1a 0a 00 00 00 0d 49 48 44 52,png_image,32c71a19f9a7c491799a13331d340b7973788c1fb43877a6bac7e5666915dbfd
data/img/img_209.mid,4380,.mid,89 50 4e 47 0d 0a 1a 0a 00 00 00 0d 49 48 44 52,png_image,04ea4221ec212a03fa786621b3935fcc00a34e8889aa18346dd0921da7860114
data/img/img_210.mid,543,.mid,89 50 4e 47 0d 0a 1a 0a 00 00 00 0d 49 48 44 52,png_image,18934c0b49a617fa20ff3c84036ef30ca95e0867a47a2859f89e1a338751d941
data/img/img_211.mid,1131,.mid,89 50 4e 47 0d 0a 1a 0a 00 00 00 0d 49 48 44 52,png_image,1a54d96148439fb087f633383c01412b240abb8ba08c658441b1ab60bebf3a66
data/img/img_212.mid,185,.mid,89 50 4e 47 0d 0a 1a 0a 00 00 00 0d 49 48 44 52,png_image,e2dcaf41c62127f060b3795103e8ef4b916c921c690a9c630d9ef174a0b00bd3
data/img/img_213.mid,1047,.mid,89 50 4e 47 0d 0a 1a 0a 00 00 00 0d 49 48 44 52,png_image,c83171afdeeb5bfdf13b0d613c75e94485ca91a796dc76801380a7c70e6bc51f
data/img/img_214.mid,1625,.mid,89 50 4e 47 0d 0a 1a 0a 00 00 00 0d 49 48 44 52,png_image,3d408cbfc01ed06e42d2a2ebcb4e3cfeb4862adedd5a9e1636dc6450b4668c4d
data/img/img_215.mid,722,.mid,89 50 4e 47 0d 0a 1a 0a 00 00 00 0d 49 48 44 52,png_image,10ae56dfca0c385fb9fbfe54e451fb4224c775a9493159f9f46c3b4acb6461c8
data/img/img_216.mid,1868,.mid,89 50 4e 47 0d 0a 1a 0a 00 00 00 0d 49 48 44 52,png_image,403110760ebec4954f25f9a5c5e9a6af9400a33b5d717150502b904e7c324078
data/img/img_217.mid,313,.mid,89 50 4e 47 0d 0a 1a 0a 00 00 00 0d 49 48 44 52,png_image,dbad44add00f02b62033abbf89878027a68383a6be288ae70e6cdf9a991e9a24
data/img/img_218.mid,336,.mid,89 50 4e 47 0d 0a 1a 0a 00 00 00 0d 49 48 44 52,png_image,67a4f4576eb81e3c2a12825a6a742df81dc7773220efb3ce9075a7843a151bc6
data/img/img_219.mid,1480,.mid,89 50 4e 47 0d 0a 1a 0a 00 00 00 0d 49 48 44 52,png_image,f466c965411ecac10340f98dd70afea0122e462d157783b0a1cc8d345a6f921b
data/img/img_220.mid,6765,.mid,89 50 4e 47 0d 0a 1a 0a 00 00 00 0d 49 48 44 52,png_image,d6bed10a6143d64c7261ee1d258c12735b6855d3a2101cb49b638e38d534c690
data/img/img_221.mid,1630,.mid,89 50 4e 47 0d 0a 1a 0a 00 00 00 0d 49 48 44 52,png_image,d7da84b9b16bb7b7eddd912d22ec6c6a7ff6f1f1bf09fc90bcfa1043b9772669
data/img/img_222.mid,540,.mid,89 50 4e 47 0d 0a 1a 0a 00 00 00 0d 49 48 44 52,png_image,2f5977549d6ecf33a1eb192905c3d6fdc3f96c7b2769b2e22682f0bd154967e2
data/img/img_223.mid,484,.mid,89 50 4e 47 0d 0a 1a 0a 00 00 00 0d 49 48 44 52,png_image,3538b94cb808393ac68b8600a46e36c3a6221624cc1a34cc21ce6611a0b22a30
data/img/img_224.mid,543,.mid,89 50 4e 47 0d 0a 1a 0a 00 00 00 0d 49 48 44 52,png_image,efbbc9c28e3948392ce3da3dd13e01ea86de7d4a3d7e41a49037b1454c684c4c
data/img/img_225.mid,712,.mid,89 50 4e 47 0d 0a 1a 0a 00 00 00 0d 49 48 44 52,png_image,2769eaed8945c0acbd67d9cf08ce07c800fe78fa317385ff2f7f3388d98a3f24
data/img/img_226.mid,2865,.mid,89 50 4e 47 0d 0a 1a 0a 00 00 00 0d 49 48 44 52,png_image,d6f8297a56cff82631ac601c427fe088af04ea71e5edb36dcbdff494fe0b0d1d
data/img/img_227.mid,367,.mid,89 50 4e 47 0d 0a 1a 0a 00 00 00 0d 49 48 44 52,png_image,eedbc41f643386fffd1341aa5bde8dee2bb1ddd333a26188c5dd4f4f13334f5f
data/img/img_228.mid,968,.mid,89 50 4e 47 0d 0a 1a 0a 00 00 00 0d 49 48 44 52,png_image,191aa0d02302a15b21cfe175fe95546f9d19c9260993a9a7dc66c3e3f9bb987a
data/img/img_229.mid,537,.mid,89 50 4e 47 0d 0a 1a 0a 00 00 00 0d 49 48 44 52,png_image,3a8cc16b71fc99d38c7e1bcf6f5c540e1673825ae714cf64ba3335831c26ce32
data/img/img_230.mid,732,.mid,89 50 4e 47 0d 0a 1a 0a 00 00 00 0d 49 48 44 52,png_image,f1103d9b3e97187cc75b61c29eddd0b8c823b097d3f404f140684ff5618b38f9
data/img/img_231.mid,321,.mid,89 50 4e 47 0d 0a 1a 0a 00 00 00 0d 49 48 44 52,png_image,6ef9188954fc37c5c90e6a1acb3b1b345d663990abace56fcb03f8a39884ca0f
data/img/img_232.mid,471,.mid,89 50 4e 47 0d 0a 1a 0a 00 00 00 0d 49 48 44 52,png_image,bda38e2d9f1c2fb709dec3026863253cfe5435b8ef3062fa408104605f0a4fe4
data/img/img_233.mid,200,.mid,89 50 4e 47 0d 0a 1a 0a 00 00 00 0d 49 48 44 52,png_image,9165c2201ada90f169e6973c600f1649d1e0556bae1a5444c15766bd5d20f212
data/img/img_234.mid,782,.mid,89 50 4e 47 0d 0a 1a 0a 00 00 00 0d 49 48 44 52,png_image,22d84f8b1cd3cfbcefb0952c796995fc3922eb8fac19dc4f359185506b98a433
data/img/img_235.mid,410,.mid,89 50 4e 47 0d 0a 1a 0a 00 00 00 0d 49 48 44 52,png_image,9b6b32260e0182a88d1afc70ceef4633cab11422a2eac4ffa511de19e389b752
data/img/img_236.mid,1140,.mid,89 50 4e 47 0d 0a 1a 0a 00 00 00 0d 49 48 44 52,png_image,64556d0344f0bd40f70afdb69473c945a6e421c064cb84dccc013f8febfcd75f
data/img/img_238.mid,1888,.mid,89 50 4e 47 0d 0a 1a 0a 00 00 00 0d 49 48 44 52,png_image,0f72d6c75ecd38e050af3ebdd585064170ecee121d2868372a59b3b4189897dd
data/img/img_240.mid,513,.mid,89 50 4e 47 0d 0a 1a 0a 00 00 00 0d 49 48 44 52,png_image,87541324be384712ce03675ee9eddf89f41b28a90caa9a89432bfaa5c1505c7c
data/img/img_241.mid,1122,.mid,89 50 4e 47 0d 0a 1a 0a 00 00 00 0d 49 48 44 52,png_image,ca96b90577eb432da1fdfab54a4c8784eb98f30f580459298fd3d9a352722380
data/img/img_242.mid,610,.mid,89 50 4e 47 0d 0a 1a 0a 00 00 00 0d 49 48 44 52,png_image,ef447b1b66428c97a885dee8ee9dac78e8daca20588aa19555d983635bb32d67
data/img/img_244.mid,390,.mid,89 50 4e 47 0d 0a 1a 0a 00 00 00 0d 49 48 44 52,png_image,b2acbe6f9e534b4aabf95374765a0cede6b728719aea92c570407ae226d7bce2
data/img/img_245.mid,855,.mid,89 50 4e 47 0d 0a 1a 0a 00 00 00 0d 49 48 44 52,png_image,00f8f1b39a6796a50a09a172e57eb0a10f1e764c11274f6ccd55705de7c47950
data/img/img_246.mid,2096,.mid,89 50 4e 47 0d 0a 1a 0a 00 00 00 0d 49 48 44 52,png_image,f699d899b93984e7d3e3aa4e3348aee2c16d167409abba1d632f13ff69c7eb1a
data/img/img_247.mid,281,.mid,89 50 4e 47 0d 0a 1a 0a 00 00 00 0d 49 48 44 52,png_image,2c9ba6966b8841e0c01e6a7b3c8e0d80e906158e0f8ac5fae80f1ff747cea4d2
data/img/img_248.mid,402,.mid,89 50 4e 47 0d 0a 1a 0a 00 00 00 0d 49 48 44 52,png_image,8fe7750cfc398f93a0cadcc5945b67664e79c5810ca95eafae25b33626951674
data/img/img_249.mid,1555,.mid,89 50 4e 47 0d 0a 1a 0a 00 00 00 0d 49 48 44 52,png_image,629f9e6c9388f0ed859df71817f07a30c37ac09eef126e5d2ab107ed676b4cc2
data/img/img_250.mid,4891,.mid,89 50 4e 47 0d 0a 1a 0a 00 00 00 0d 49 48 44 52,png_image,01906dadda9f5449b69f5423598094bebfa47d100637941ea1b357f48ad4d7d5
data/img/img_251.mid,3235,.mid,89 50 4e 47 0d 0a 1a 0a 00 00 00 0d 49 48 44 52,png_image,748116c5efbbee9eee204a074ec0a15daf1857425b0634bb5ccc402ed41d1011
data/img/img_253.mid,413,.mid,89 50 4e 47 0d 0a 1a 0a 00 00 00 0d 49 48 44 52,png_image,fa3bd30b7f2869b1a7d8afdde47be3ac7034641034edf4ad883bc171acd7654a
data/img/img_254.mid,604,.mid,89 50 4e 47 0d 0a 1a 0a 00 00 00 0d 49 48 44 52,png_image,67afd67ba9c211ffe6226efb440b9507f65d4b850c0dc1518b80c1d3ba091654
data/img/img_259.mid,2263,.mid,89 50 4e 47 0d 0a 1a 0a 00 00 00 0d 49 48 44 52,png_image,86cd6038e41164021d407738c4e80068c7dffb69a205db013ee67a68926a6057
data/img/img_260.mid,478,.mid,89 50 4e 47 0d 0a 1a 0a 00 00 00 0d 49 48 44 52,png_image,996f106635fa89ed698412075ed135f39f5dd2acf649c76b877a1992143892f8
data/img/img_261.mid,6921,.mid,89 50 4e 47 0d 0a 1a 0a 00 00 00 0d 49 48 44 52,png_image,8ffe817f054bbb182123aa968f571191e969a8066ef142fca043056c8c870a7c
data/img/img_263.mid,1887,.mid,89 50 4e 47 0d 0a 1a 0a 00 00 00 0d 49 48 44 52,png_image,f829aa6ca75cb6e5b6596bf63b0709216df815b197ab99cde1e55fc24905f03b
data/img/img_264.mid,631,.mid,89 50 4e 47 0d 0a 1a 0a 00 00 00 0d 49 48 44 52,png_image,c9de1c51643c11c6fcf838e0ffb81791649576db071dd6008f1e05bf98a3a15b
data/img/img_265.mid,196,.mid,89 50 4e 47 0d 0a 1a 0a 00 00 00 0d 49 48 44 52,png_image,a340a40dfb15858a81d6162be136d05301129f9e2f72b6bcf4f2f0bc604d9982
data/img/img_266.mid,377,.mid,89 50 4e 47 0d 0a 1a 0a 00 00 00 0d 49 48 44 52,png_image,3691cd23916e2b43a3a043758da45a19420dd4f74d6cbf3b3c381e2c36bc89e4
data/img/img_267.mid,697,.mid,89 50 4e 47 0d 0a 1a 0a 00 00 00 0d 49 48 44 52,png_image,246106a706eb66f980bc68e9b036aa026b9ad5dbcaa0917fb43334ab902d268e
data/img/img_3.mid,2309,.mid,89 50 4e 47 0d 0a 1a 0a 00 00 00 0d 49 48 44 52,png_image,7b80bfd72ad5e5cc1e55649ad6a175d152051ac9ee0f726bd886608920d5fd5d
data/img/img_300.mid,2751,.mid,89 50 4e 47 0d 0a 1a 0a 00 00 00 0d 49 48 44 52,png_image,5b636d72f4f6364eff262242a599850e4037009b05e7ea334bef66abd81dae90
data/img/img_301.mid,2871,.mid,89 50 4e 47 0d 0a 1a 0a 00 00 00 0d 49 48 44 52,png_image,e007aa610770558b93ad250e97fb38b075afc9e3d622b8923691273e5efb46bb
data/img/img_303.mid,2695,.mid,89 50 4e 47 0d 0a 1a 0a 00 00 00 0d 49 48 44 52,png_image,3aebac1a72d5a7748374229828e58024dd888fef7a62cf0de25e388ac9e0a2aa
data/img/img_305.mid,2951,.mid,89 50 4e 47 0d 0a 1a 0a 00 00 00 0d 49 48 44 52,png_image,8a7a1f21a83ad15b80c87114e5d550536b2cc665db0c37627c09171b60fe3b20
data/img/img_306.mid,2380,.mid,89 50 4e 47 0d 0a 1a 0a 00 00 00 0d 49 48 44 52,png_image,7286c4dd66b3f359dc67c0b37499838cade32f563e01458204757d46ae2b50db
data/img/img_307.mid,1323,.mid,89 50 4e 47 0d 0a 1a 0a 00 00 00 0d 49 48 44 52,png_image,f5756e8f4b7a351539ab3dd58acda5c495035a4446681bee15d832f1dbfd52fc
data/img/img_308.mid,2179,.mid,89 50 4e 47 0d 0a 1a 0a 00 00 00 0d 49 48 44 52,png_image,92ddec2658ebe2d7a13e50f46cdb3198aaed78ca2dcdadfe9d28461ab46eb2bc
data/img/img_309.mid,1696,.mid,89 50 4e 47 0d 0a 1a 0a 00 00 00 0d 49 48 44 52,png_image,fa165ae7bd64aa2dd4849f3e1ed24a722e116a65931d455843fc9a25122ff0db
data/img/img_4.mid,1182,.mid,89 50 4e 47 0d 0a 1a 0a 00 00 00 0d 49 48 44 52,png_image,6c7c4f7b7715caba636e1b78b855c97ddf7551b0df2e15efa5dcc5002f0db8e0
data/img/img_5.mid,3944,.mid,89 50 4e 47 0d 0a 1a 0a 00 00 00 0d 49 48 44 52,png_image,1f1c449c23248bfc0b123024111aad7c164d6fd6d8fc425be43113fd8a8c3a81
data/img/img_500.mid,690,.mid,89 50 4e 47 0d 0a 1a 0a 00 00 00 0d 49 48 44 52,png_image,f2ac66e2237fdb9ae32c910cce5a337260e5dd375b751f87ddbb852a165c9f74
data/img/img_501.mid,638,.mid,89 50 4e 47 0d 0a 1a 0a 00 00 00 0d 49 48 44 52,png_image,4917cfb4cbe20196360455c30f1a4eaabcbb64a96654689d81a1dccd7aaed57d
data/img/img_502.mid,1131,.mid,89 50 4e 47 0d 0a 1a 0a 00 00 00 0d 49 48 44 52,png_image,1a938d397f8c994355d6c3021f446a4681bd829ec2018f48189d94deab766f93
data/img/img_503.mid,826,.mid,89 50 4e 47 0d 0a 1a 0a 00 00 00 0d 49 48 44 52,png_image,9bea73dc6f02ff97778055f8ff2f899025e35ef7dbc0f85e6ec1539b00dd752a
data/img/img_504.mid,818,.mid,89 50 4e 47 0d 0a 1a 0a 00 00 00 0d 49 48 44 52,png_image,780c5301bbf16161d290aa4104c65ec34d00c75e477bfa156e58b494868c97ce
data/img/img_505.mid,1415,.mid,89 50 4e 47 0d 0a 1a 0a 00 00 00 0d 49 48 44 52,png_image,7fb35ffdcc4ad2a2e4ae8fd7857610bdcd25f1a3af8337e89e5a60e4595baaa1
data/img/img_506.mid,708,.mid,89 50 4e 47 0d 0a 1a 0a 00 00 00 0d 49 48 44 52,png_image,f2f4c7a6f92737f8850fb47f4fd73201dcba496e88b326dcee472f1364388f25
data/img/img_507.mid,1249,.mid,89 50 4e 47 0d 0a 1a 0a 00 00 00 0d 49 48 44 52,png_image,7519e03fe0190ab633f71930bd31cb0585ac6c5c91c1f8d1cb8b3f09285448e9
data/img/img_508.mid,2064,.mid,89 50 4e 47 0d 0a 1a 0a 00 00 00 0d 49 48 44 52,png_image,be49ccd5659aa6ffb37e59524ff24fc59e516596fdb5f6c62bd38fa3197d6d38
data/img/img_509.mid,965,.mid,89 50 4e 47 0d 0a 1a 0a 00 00 00 0d 49 48 44 52,png_image,2ef827f9c7f1608424a0939740f16df7825d5d321682a9dba56218efdd6b9a09
data/img/img_510.mid,1406,.mid,89 50 4e 47 0d 0a 1a 0a 00 00 00 0d 49 48 44 52,png_image,07ba2b34114e3eaf4b39f10eeaec0b393dc036121c5a238dcfc3b9360db5fac9
data/img/img_511.mid,700,.mid,89 50 4e 47 0d 0a 1a 0a 00 00 00 0d 49 48 44 52,png_image,4f7474a982825fa675edff2ff073a73de3f84b86362777713a96f7c5ee2ac561
data/img/img_512.mid,836,.mid,89 50 4e 47 0d 0a 1a 0a 00 00 00 0d 49 48 44 52,png_image,46d8d20fd10320aeab60ae6a97462275b0751a65e6d67ee8923a5e586eb2f663
data/img/img_513.mid,998,.mid,89 50 4e 47 0d 0a 1a 0a 00 00 00 0d 49 48 44 52,png_image,3ab3134a34a6087663f0cd347f830861e4462ec6a836d219547ea588b0e68972
data/img/img_514.mid,1038,.mid,89 50 4e 47 0d 0a 1a 0a 00 00 00 0d 49 48 44 52,png_image,559bd4b46a524a2ed8e9dc89f05c7ce40662f068c669888ebe8abb84da981ff4
data/img/img_516.mid,318,.mid,89 50 4e 47 0d 0a 1a 0a 00 00 00 0d 49 48 44 52,png_image,2a0052262db7967c242c601435a800b4ac7902c4740dafddf446c21a97e4db4d
data/img/img_517.mid,672,.mid,89 50 4e 47 0d 0a 1a 0a 00 00 00 0d 49 48 44 52,png_image,5824e22416d2dfd840b881f4a434aee51cf6c76b88f49cf80af03e7ef0dd2020
data/img/img_518.mid,1120,.mid,89 50 4e 47 0d 0a 1a 0a 00 00 00 0d 49 48 44 52,png_image,c891980792b69d26ac2f44cac936144aba039619a1453503dc8f88a383b52c51
data/img/img_519.mid,1569,.mid,89 50 4e 47 0d 0a 1a 0a 00 00 00 0d 49 48 44 52,png_image,95172800ad806c4858eeea41653a19d69eb5bdfce47aa0c30770531ad735c3d7
data/img/img_520.mid,683,.mid,89 50 4e 47 0d 0a 1a 0a 00 00 00 0d 49 48 44 52,png_image,ae9846094ad224349ffb46d7f0510448b881189d88b445be8d827be32100e48a
data/img/img_521.mid,1225,.mid,89 50 4e 47 0d 0a 1a 0a 00 00 00 0d 49 48 44 52,png_image,b05e90775ecb25081caae5cdf1283467b834c1163ba6703edba948f381e38e8a
data/img/img_522.mid,1866,.mid,89 50 4e 47 0d 0a 1a 0a 00 00 00 0d 49 48 44 52,png_image,dcc389618a71d6607f0bcbde203a7f4ba0dc6834f07b7cec1e90cc5993e323dd
data/img/img_523.mid,818,.mid,89 50 4e 47 0d 0a 1a 0a 00 00 00 0d 49 48 44 52,png_image,994555ddb567f0ce4a337be657a58115cfb99df27a35af9d2115bb5fd1823489
data/img/img_524.mid,931,.mid,89 50 4e 47 0d 0a 1a 0a 00 00 00 0d 49 48 44 52,png_image,4ea7a25477c9e5ccc9295e30f20f42e2596b54dcf8be6c9849b89a52720939db
data/img/img_525.mid,880,.mid,89 50 4e 47 0d 0a 1a 0a 00 00 00 0d 49 48 44 52,png_image,3cb8cb31f06ed453f93fc2cfb0606920575e2ed0bc26b36834cc2c81a150e213
data/img/img_526.mid,1001,.mid,89 50 4e 47 0d 0a 1a 0a 00 00 00 0d 49 48 44 52,png_image,16c0b2a686726f9f2034bc05b44ae1b9ad3b522936696fdd20903ce89c32ae6f
data/img/img_527.mid,1097,.mid,89 50 4e 47 0d 0a 1a 0a 00 00 00 0d 49 48 44 52,png_image,83b577da5119b1058c6849699314cd64ba41e6cc900f22494761ae1f871c7e21
data/img/img_528.mid,907,.mid,89 50 4e 47 0d 0a 1a 0a 00 00 00 0d 49 48 44 52,png_image,19ee3ce032df4845cef0c7ed1d1cadcd627672ed3a32aead6b26958abb877484
data/img/img_529.mid,954,.mid,89 50 4e 47 0d 0a 1a 0a 00 00 00 0d 49 48 44 52,png_image,8b152fc52c99f9c3615331a39588259e2e56398c9e68e88f4ffcccf418baaa75
data/img/img_530.mid,905,.mid,89 50 4e 47 0d 0a 1a 0a 00 00 00 0d 49 48 44 52,png_image,38dcaa522b0020bb1201028aa78d3dc1808eece7fe4c4a12b5786564fce04619
data/img/img_531.mid,800,.mid,89 50 4e 47 0d 0a 1a 0a 00 00 00 0d 49 48 44 52,png_image,2d69ea54c1d7bfed10b858d91f55939f3ace096ff262b49c6de281ae1f08b4d8
data/img/img_535.mid,1134,.mid,89 50 4e 47 0d 0a 1a 0a 00 00 00 0d 49 48 44 52,png_image,22fac7f4638d7723f5a61172c0f129dbb3ef15006d5abd9855b60047fc9cf50c
data/img/img_536.mid,1027,.mid,89 50 4e 47 0d 0a 1a 0a 00 00 00 0d 49 48 44 52,png_image,409f41a1969bf18e9abf8ecb5b4747fc13eb4c7d05f69f41848768cbc19491b2
data/img/img_537.mid,699,.mid,89 50 4e 47 0d 0a 1a 0a 00 00 00 0d 49 48 44 52,png_image,b409c01379d4a6975504c16d6b425cddb9bc06eabaee83c9aeb55ae82d653017
data/img/img_538.mid,939,.mid,89 50 4e 47 0d 0a 1a 0a 00 00 00 0d 49 48 44 52,png_image,0c037ad499dd65c203331f080b63b384e6b5bd2d3be9849037bf04adf9e3e600
data/img/img_539.mid,1325,.mid,89 50 4e 47 0d 0a 1a 0a 00 00 00 0d 49 48 44 52,png_image,86ffb545390c19d1f83a229a045cf91eec12552e1380f683d14895f738b2cdaa
data/img/img_540.mid,728,.mid,89 50 4e 47 0d 0a 1a 0a 00 00 00 0d 49 48 44 52,png_image,62d36f9ba7590f4a065e0b68ce4608ac2d9e8b0ce9acffd6751c729c2ff8b981
data/img/img_541.mid,1030,.mid,89 50 4e 47 0d 0a 1a 0a 00 00 00 0d 49 48 44 52,png_image,a7d750266d311800c36bac4e8b789bc8cccd4d205a0d64e009a1f64031159a77
data/img/img_542.mid,1135,.mid,89 50 4e 47 0d 0a 1a 0a 00 00 00 0d 49 48 44 52,png_image,55a044f11087bc52de2887f05a24b57dd3438069c32efc65f8b908df025e0c82
data/img/img_543.mid,969,.mid,89 50 4e 47 0d 0a 1a 0a 00 00 00 0d 49 48 44 52,png_image,250aceec26dc7e9dcd07e647526b0dc3a87e12a35f99f9b14f3ecfba7254b03b
data/img/img_544.mid,869,.mid,89 50 4e 47 0d 0a 1a 0a 00 00 00 0d 49 48 44 52,png_image,92ced2f2bebf18d4c1f63c8bc830d5cf1817dc00b395d377723b3be8ca6d3661
data/img/img_545.mid,790,.mid,89 50 4e 47 0d 0a 1a 0a 00 00 00 0d 49 48 44 52,png_image,d0284497ec0d03160c2da1efe02f76978811bcbdd812a43eb4cbfc8f544a50e9
data/img/img_552.mid,763,.mid,89 50 4e 47 0d 0a 1a 0a 00 00 00 0d 49 48 44 52,png_image,89473c5327ed6df78b59478adfee51855ed9a8ac47892edc3ad82bfcbbd33e6d
data/img/img_553.mid,749,.mid,89 50 4e 47 0d 0a 1a 0a 00 00 00 0d 49 48 44 52,png_image,0d7a3f6f68743bc952f016471345922bfe2cad17a992c50b99a8684b7e05e9ec
data/img/img_554.mid,835,.mid,89 50 4e 47 0d 0a 1a 0a 00 00 00 0d 49 48 44 52,png_image,3d240a171b57dc793ce99e0573f814f1892de29d84732875803dcf76ae263ecb
data/img/img_555.mid,621,.mid,89 50 4e 47 0d 0a 1a 0a 00 00 00 0d 49 48 44 52,png_image,f414b0ad835f03e968706b93ebbbab2dd4c5abd1495a456b1a712321ea4ea38a
data/img/img_556.mid,996,.mid,89 50 4e 47 0d 0a 1a 0a 00 00 00 0d 49 48 44 52,png_image,d896bf47948014ae2ff4894fbda052381f3fa96f6d45a8447b38b7cca38bbec5
data/img/img_557.mid,705,.mid,89 50 4e 47 0d 0a 1a 0a 00 00 00 0d 49 48 44 52,png_image,36a919fd29a2caee102e3a74e57c816d4de6ae204723e9d8bac9464fed9d8f0a
data/img/img_558.mid,1189,.mid,89 50 4e 47 0d 0a 1a 0a 00 00 00 0d 49 48 44 52,png_image,c4ac39e6b2c68f6994cd7d0ebc56366bd12236a89b99d1b8383944985e7c1308
data/img/img_559.mid,744,.mid,89 50 4e 47 0d 0a 1a 0a 00 00 00 0d 49 48 44 52,png_image,24eda4373c761c948f099bdfb7f40d4741b2ae39611f1dab23e90de0c8848e8b
data/img/img_560.mid,914,.mid,89 50 4e 47 0d 0a 1a 0a 00 00 00 0d 49 48 44 52,png_image,d2390d956180eec1cbf60bc4f6461a586fd39dd056cc65cf0df538e1310295f1
data/img/img_561.mid,1038,.mid,89 50 4e 47 0d 0a 1a 0a 00 00 00 0d 49 48 44 52,png_image,b35a1b29a0060028f8b78502ff5bfbb4d15e236014921ed86253903508e13820
data/img/img_562.mid,1152,.mid,89 50 4e 47 0d 0a 1a 0a 00 00 00 0d 49 48 44 52,png_image,1a0ad12a6ea6f1a0b2191e55c72fb5c7e5148586f4e2d58fa94c2dc44db90a1a
data/img/img_563.mid,852,.mid,89 50 4e 47 0d 0a 1a 0a 00 00 00 0d 49 48 44 52,png_image,8fee970f07447fab83286dc65a13564162f4f986e4c22817962d00a515efcfed
data/img/img_564.mid,841,.mid,89 50 4e 47 0d 0a 1a 0a 00 00 00 0d 49 48 44 52,png_image,88ebaacbda5bb3d143e888b713c140ad89e921e09a3fef96778710d693503742
data/img/img_565.mid,1306,.mid,89 50 4e 47 0d 0a 1a 0a 00 00 00 0d 49 48 44 52,png_image,84c53dcb5e875fe043df803d1bb1de8c036d7e3af346f3c3ab8e217b17257b5c
data/img/img_566.mid,1389,.mid,89 50 4e 47 0d 0a 1a 0a 00 00 00 0d 49 48 44 52,png_image,37aa73b08fd843503f7e1e5dc9047829324e1a2c7a361a415ecafeb1f40d0505
data/img/img_574.mid,773,.mid,89 50 4e 47 0d 0a 1a 0a 00 00 00 0d 49 48 44 52,png_image,18f1004cd31d0b52611b334a35a080f4afe42386d3751aa143e9674c0602af07
data/img/img_575.mid,1229,.mid,89 50 4e 47 0d 0a 1a 0a 00 00 00 0d 49 48 44 52,png_image,20ca3b55b300f7ad0f8aac50813d44b8a99f3ead5aab60e0cecdd601beb3c6e5
data/img/img_576.mid,1792,.mid,89 50 4e 47 0d 0a 1a 0a 00 00 00 0d 49 48 44 52,png_image,2df50ef4fb6913b2c46272289203491f634f91d425b4c4f355155157221f9e65
data/img/img_577.mid,737,.mid,89 50 4e 47 0d 0a 1a 0a 00 00 00 0d 49 48 44 52,png_image,faa6d9145466bb668614343751f4f5f7f3228855dc368bd5c913bb84c5a544fb
data/img/img_578.mid,936,.mid,89 50 4e 47 0d 0a 1a 0a 00 00 00 0d 49 48 44 52,png_image,a4278b70893c8bcebf84314aeae54dc14b90a83f70551f97a283aba1ca241359
data/img/img_579.mid,398,.mid,89 50 4e 47 0d 0a 1a 0a 00 00 00 0d 49 48 44 52,png_image,c06f15efd61d9a3b100104d132bb7f46c64156f0855d246fba4509c4037fe72b
data/img/img_580.mid,976,.mid,89 50 4e 47 0d 0a 1a 0a 00 00 00 0d 49 48 44 52,png_image,22ac9acf190185133f71288e93b2ad65c28d8d97cc7408ec68b0aa0125d9a31a
data/img/img_581.mid,2023,.mid,89 50 4e 47 0d 0a 1a 0a 00 00 00 0d 49 48 44 52,png_image,6625d04b387c061e740283a958afcec3c2b5bc7374bebf01497593457262e148
data/img/img_582.mid,742,.mid,89 50 4e 47 0d 0a 1a 0a 00 00 00 0d 49 48 44 52,png_image,c3eca6f929026a6ce7556a659f1fc8679d2ef87ce690a3743af8f9db2f08dbc2
data/img/img_583.mid,652,.mid,89 50 4e 47 0d 0a 1a 0a 00 00 00 0d 49 48 44 52,png_image,77e1fbc5b2919f6d186c4f2825d95a64d2d5688ceb56729dbc63224eab798975
data/img/img_584.mid,692,.mid,89 50 4e 47 0d 0a 1a 0a 00 00 00 0d 49 48 44 52,png_image,7c304f23af8b31384ab922c4aa83f69ccea383d31beb81b4c7c04b09f8b862c4
data/img/img_585.mid,670,.mid,89 50 4e 47 0d 0a 1a 0a 00 00 00 0d 49 48 44 52,png_image,fdd107731b1883468ebd57e61e30698a9fb65ac74817d48d59dace79141f5f7a
data/img/img_586.mid,1016,.mid,89 50 4e 47 0d 0a 1a 0a 00 00 00 0d 49 48 44 52,png_image,502b68fb0abe0ba5b4d429a1f543ca305c27600f8ff12e5b479f8162938b62e1
data/img/img_587.mid,677,.mid,89 50 4e 47 0d 0a 1a 0a 00 00 00 0d 49 48 44 52,png_image,cae14cc1a9b262d6853ea0faa6ddc0d6f5b61e179819ea9f0c399ad98ece7d55
data/img/img_588.mid,854,.mid,89 50 4e 47 0d 0a 1a 0a 00 00 00 0d 49 48 44 52,png_image,1f365144f67b0d6979d22a0216e0e30f67a36646b1ccab32574383578ee7a27f
data/img/img_592.mid,1404,.mid,89 50 4e 47 0d 0a 1a 0a 00 00 00 0d 49 48 44 52,png_image,685f1990827705d9d0a91dd35773d5fc552626dae3750459c21db83859f952da
data/img/img_593.mid,569,.mid,89 50 4e 47 0d 0a 1a 0a 00 00 00 0d 49 48 44 52,png_image,6cf72781d31b30979385b4043e65ce6321143b7f6a00d18ba374d494307f0b98
data/img/img_594.mid,797,.mid,89 50 4e 47 0d 0a 1a 0a 00 00 00 0d 49 48 44 52,png_image,3244404f10148c8e5d7255d36da41c0d3d38f7e804009aa8d3d5fdf99ba691f3
data/img/img_595.mid,1284,.mid,89 50 4e 47 0d 0a 1a 0a 00 00 00 0d 49 48 44 52,png_image,66697b880bffd9052d86b7c49804b09bed583e0c7e78972a8e39074242469528
data/img/img_596.mid,589,.mid,89 50 4e 47 0d 0a 1a 0a 00 00 00 0d 49 48 44 52,png_image,14e1fe42debe290a3acb005ecc8b30b1642d418a7c67290c81d85ba8f892fb84
data/img/img_597.mid,955,.mid,89 50 4e 47 0d 0a 1a 0a 00 00 00 0d 49 48 44 52,png_image,dd9c0d693059b28509fb180e0ee9e773f11bd58f85efe3532a65c35343a21336
data/img/img_598.mid,1512,.mid,89 50 4e 47 0d 0a 1a 0a 00 00 00 0d 49 48 44 52,png_image,88d258aa2ba2d46feea20995b8c024e41a9dd35c436987e3af77a4415960508f
data/img/img_599.mid,638,.mid,89 50 4e 47 0d 0a 1a 0a 00 00 00 0d 49 48 44 52,png_image,2ddee6c02196fd24743cb2718b5ecfa294627eba96763d9a6232f7c560c90acf
data/img/img_6.mid,2132,.mid,89 50 4e 47 0d 0a 1a 0a 00 00 00 0d 49 48 44 52,png_image,ba5892219f8f142bfecb969eebe07881cc62ae60a33db0a225dcd7f0043486de
data/img/img_600.mid,770,.mid,89 50 4e 47 0d 0a 1a 0a 00 00 00 0d 49 48 44 52,png_image,a15715c0f526f3a822d5bd8d3b7a261d1672e8c4cec4f41f6b101de678ca99db
data/img/img_601.mid,890,.mid,89 50 4e 47 0d 0a 1a 0a 00 00 00 0d 49 48 44 52,png_image,97228e4021319df4248292e551ccf02945d7973654587c03ee0d45cd2890c7f4
data/img/img_602.mid,1040,.mid,89 50 4e 47 0d 0a 1a 0a 00 00 00 0d 49 48 44 52,png_image,543946dc6bd6bdfa27e4893516bf0ba0e06ee67c843455caf087ab4454edaf9f
data/img/img_604.mid,2596,.mid,89 50 4e 47 0d 0a 1a 0a 00 00 00 0d 49 48 44 52,png_image,6d6ddb2f136332626e49fdadbb2717ddf72fcfa29aeb85ed170ab811f1ea910d
data/img/img_605.mid,1611,.mid,89 50 4e 47 0d 0a 1a 0a 00 00 00 0d 49 48 44 52,png_image,4bb0eca807b754d5459dc7b08adb13e433365246f4358cd1f011099f0174cda2
data/img/img_606.mid,1783,.mid,89 50 4e 47 0d 0a 1a 0a 00 00 00 0d 49 48 44 52,png_image,06109e0c64747071171f065c83cadb65f8839f84e50bcafc881a8783eea1da01
data/img/img_607.mid,2276,.mid,89 50 4e 47 0d 0a 1a 0a 00 00 00 0d 49 48 44 52,png_image,bba68e75410b77fd37560aa5093cbc1a8b1ac1fcdf9be9d8459dfda7634247fd
data/img/img_608.mid,1660,.mid,89 50 4e 47 0d 0a 1a 0a 00 00 00 0d 49 48 44 52,png_image,8daa876e5a8d486268180b053a04335dcd80704ce06682aaea2a036c106ed271
data/img/img_609.mid,2099,.mid,89 50 4e 47 0d 0a 1a 0a 00 00 00 0d 49 48 44 52,png_image,49f61be8e2d45dc05bb2ea58c78275f5b43f6d884e98e767422ea8b2ff3d7c25
data/img/img_610.mid,1923,.mid,89 50 4e 47 0d 0a 1a 0a 00 00 00 0d 49 48 44 52,png_image,fa708fc902946bf76269e316e949df93853d5ea54620698a264f6b8cb578628e
data/img/img_611.mid,483,.mid,89 50 4e 47 0d 0a 1a 0a 00 00 00 0d 49 48 44 52,png_image,5cbf00c5b0aec83a17dc31e174c012307fe4df6e580f4d77df5ff1ad2974f99f
data/img/img_612.mid,670,.mid,89 50 4e 47 0d 0a 1a 0a 00 00 00 0d 49 48 44 52,png_image,ca600deb59ee4d7554d358fa5852d752633f2f836aab22642ea1362d85024754
data/img/img_613.mid,680,.mid,89 50 4e 47 0d 0a 1a 0a 00 00 00 0d 49 48 44 52,png_image,32248507fcd8aa695c865a0944c2e557583af67e86a506bfaefdc3fcfe016c3a
data/img/img_614.mid,749,.mid,89 50 4e 47 0d 0a 1a 0a 00 00 00 0d 49 48 44 52,png_image,de2a7dc6b4d50b36c8d22aec69a50619a9b5a4089d53b47d32e0df1148d8ad12
data/img/img_615.mid,1696,.mid,89 50 4e 47 0d 0a 1a 0a 00 00 00 0d 49 48 44 52,png_image,524cda9c954a8ec4d96527e6d8c05ebf58f2da016b82f612559707a743639508
data/img/img_616.mid,1394,.mid,89 50 4e 47 0d 0a 1a 0a 00 00 00 0d 49 48 44 52,png_image,c4fabb9fa98be804bf7161b2aeed8ee484f67d7b5e79b11270b0d7467cf88140
data/img/img_617.mid,1526,.mid,89 50 4e 47 0d 0a 1a 0a 00 00 00 0d 49 48 44 52,png_image,b03b5b4df783a60342df3da56fe9584251b02997260ffc825344ca486b09d050
data/img/img_618.mid,652,.mid,89 50 4e 47 0d 0a 1a 0a 00 00 00 0d 49 48 44 52,png_image,13def92996361a98c99065487cccba95573caa787e1ead8022d61b476d1996ef
data/img/img_619.mid,1542,.mid,89 50 4e 47 0d 0a 1a 0a 00 00 00 0d 49 48 44 52,png_image,251938d16cdc28bf0f5387a07a4fd4441cba842dba5230595999d0943d09f3fb
data/img/img_620.mid,1246,.mid,89 50 4e 47 0d 0a 1a 0a 00 00 00 0d 49 48 44 52,png_image,e102628836cb20e7c45b8bbf48d59e78d7a8c38302549e4115bd067f59ec1e4e
data/img/img_621.mid,1533,.mid,89 50 4e 47 0d 0a 1a 0a 00 00 00 0d 49 48 44 52,png_image,db78ac5936959c965bdafa7230ec4021fd520c99a8daf4958567d7725593bbe5
data/img/img_7.mid,3069,.mid,89 50 4e 47 0d 0a 1a 0a 00 00 00 0d 49 48 44 52,png_image,9be187f3047c77ef0b4b2e58a4f1a0040768d1f8f10c7010ac4c6c4ded3f4e98
data/img/img_8.mid,2727,.mid,89 50 4e 47 0d 0a 1a 0a 00 00 00 0d 49 48 44 52,png_image,448cce65e7dace4addef6f8a1a2b9fbb3468060ae0ef8d48752c090d265eb211
data/img/img_800.mid,2448,.mid,89 50 4e 47 0d 0a 1a 0a 00 00 00 0d 49 48 44 52,png_image,3f415d0bed81d89edf55a332eb0c85ffbf049175c71f6e38fe4977f25e6a6927
data/img/img_801.mid,6321,.mid,89 50 4e 47 0d 0a 1a 0a 00 00 00 0d 49 48 44 52,png_image,193a22c64e537536f6d357657027443e6e24042d8093a2e423993b09fed80c3c
data/img/img_802.mid,2321,.mid,89 50 4e 47 0d 0a 1a 0a 00 00 00 0d 49 48 44 52,png_image,7756ac496c99f89cb618cf7c243f81813845f69b4f2d5c4ca0a39279860d88f8
data/img/img_803.mid,1102,.mid,89 50 4e 47 0d 0a 1a 0a 00 00 00 0d 49 48 44 52,png_image,4c98a91ee1d81f8e8aa00f3a1800e5e6137f3b6839e3f99dbaecc4cc3325b72b
data/img/img_804.mid,1626,.mid,89 50 4e 47 0d 0a 1a 0a 00 00 00 0d 49 48 44 52,png_image,5d4b380ef4f2ec82f7bad2e53dbbbf883893c997d39b38d2dfa056d4f5e9fc15
data/img/img_810.mid,3525,.mid,89 50 4e 47 0d 0a 1a 0a 00 00 00 0d 49 48 44 52,png_image,13298d9409b7b2f10b7119fe5a5507ad9064cbb296b8ba17284b2ab7be570c59
data/img/img_811.mid,1620,.mid,89 50 4e 47 0d 0a 1a 0a 00 00 00 0d 49 48 44 52,png_image,b0ec7eb0ce708736e6f5675bfde7d81ece2b3cc0a2bb2a05064217270ffb4085
data/img/img_812.mid,2762,.mid,89 50 4e 47 0d 0a 1a 0a 00 00 00 0d 49 48 44 52,png_image,351ef5f8e374c6cb1a9ced81137ed4ebc90674343446a8e175f99ff418e5215a
data/img/img_813.mid,1252,.mid,89 50 4e 47 0d 0a 1a 0a 00 00 00 0d 49 48 44 52,png_image,bb799249be26cae5d066dba852e7e4071bcb606759c0c49b0889c9130e9d1738
data/img/img_814.mid,1827,.mid,89 50 4e 47 0d 0a 1a 0a 00 00 00 0d 49 48 44 52,png_image,c6758850949e62ca0d6c202c0016079608f46667633a335e50efdf3497a6555a
data/img/img_818.mid,1678,.mid,89 50 4e 47 0d 0a 1a 0a 00 00 00 0d 49 48 44 52,png_image,1500a29d489104bd584441f63250e74b5ed6f86651536b2114b2c745611ef226
data/img/img_819.mid,1761,.mid,89 50 4e 47 0d 0a 1a 0a 00 00 00 0d 49 48 44 52,png_image,cde0511fde2bf8cd769a0066d30073a585a5ecc7d95cd5033b5438b9109ea2b6
data/img/img_820.mid,243,.mid,89 50 4e 47 0d 0a 1a 0a 00 00 00 0d 49 48 44 52,png_image,8ad8458359fcc1ac599f100b278c176b1065011cd35052a368bfce4adf1aea42
data/img/img_821.mid,158,.mid,89 50 4e 47 0d 0a 1a 0a 00 00 00 0d 49 48 44 52,png_image,93d61e7cfd4d52ad3a38ea889539830b2b2b1b0243c4b4856b00830c3edc2df7
data/img/img_833.mid,1116,.mid,89 50 4e 47 0d 0a 1a 0a 00 00 00 0d 49 48 44 52,png_image,8c68fd6d08ace8da220d7bb3170eb3514950c9268426690b8abb0a62a6544af6
data/img/img_834.mid,263,.mid,89 50 4e 47 0d 0a 1a 0a 00 00 00 0d 49 48 44 52,png_image,4da805984a81782187a50174442b2fd5592f1a368c48354896c16152168a06e0
data/img/img_835.mid,277,.mid,89 50 4e 47 0d 0a 1a 0a 00 00 00 0d 49 48 44 52,png_image,cc2745f0d1f8901ff801a9f626201fb1e92544119e315c6b2edc3df9025bf053
data/img/img_836.mid,453,.mid,89 50 4e 47 0d 0a 1a 0a 00 00 00 0d 49 48 44 52,png_image,2b8c6e46138c5f0e41fdbf7a7cf55d0ca660691a3b59c4dd2c42c4ebece62ab6
data/img/img_838.mid,771,.mid,89 50 4e 47 0d 0a 1a 0a 00 00 00 0d 49 48 44 52,png_image,b929688fb7c49f84024f8abb7d594929374014c2d9b995c7997d070ecc68318b
data/img/img_839.mid,916,.mid,89 50 4e 47 0d 0a 1a 0a 00 00 00 0d 49 48 44 52,png_image,1555312929b41a4d6dedd6a1c3fc0c69a00d63c80cd6aee25dffe7ce8a37e8c4
data/img/img_9.mid,2887,.mid,89 50 4e 47 0d 0a 1a 0a 00 00 00 0d 49 48 44 52,png_image,985a703764a2c04be5463dfec16a585dce70c61cd51db6138e335e0bc44ba05c
data/logo/0.png,3081,.png,89 50 4e 47 0d 0a 1a 0a 00 00 00 0d 49 48 44 52,png_image,5c0827a8bf1024e02f3fe63927c8db1aad7085c5f312a1b5fa34760abc935bfa
data/logo/cwalogo.png,3081,.png,89 50 4e 47 0d 0a 1a 0a 00 00 00 0d 49 48 44 52,png_image,5c0827a8bf1024e02f3fe63927c8db1aad7085c5f312a1b5fa34760abc935bfa
data/logo/Thumbs.db,10752,.db,d0 cf 11 e0 a1 b1 1a e1 00 00 00 00 00 00 00 00,unknown_or_misc,d8158b64903823f2ce47b06be56b29cbf09335a643500bfc6cfe9558ac3fb8f2
data/map/map_0.mid,4795,.mid,01 01 17 17 10 05 00 00 02 11 00 00 00 01 01 00,map_binary,60064327222ef79c0d17b5b01779abb4f3d07d89660cbe976258f5dccb7d60ed
data/map/map_1.mid,2635,.mid,01 02 0f 14 10 05 00 00 01 2c 00 00 00 01 01 00,map_binary,47bf16d741dd970dd6fbacb81960061e4d6c77938914bf97fc2f45cccb99a582
data/map/map_10.mid,2891,.mid,01 01 0f 14 10 05 00 00 01 2c 00 00 00 01 01 00,map_binary,80e9ed73417dc0331e7e64e072f2c155be370040dacd254ae0ea3977881ef0cf
data/map/map_100.mid,7879,.mid,01 06 28 1e 10 05 00 00 04 b0 00 00 00 01 01 00,map_binary,a1f3cbbc27c3a7b9d06888231db9d67d6a209746331fd6469a63a935bde3be51
data/map/map_11.mid,3747,.mid,01 01 14 14 10 05 00 00 01 90 00 00 00 00 01 00,map_binary,8be80b3c81a61c1f428594109a38e0af07cdb5aac5e243939f4fadf1e47988eb
data/map/map_12.mid,7931,.mid,01 01 1f 1d 10 05 00 00 03 83 00 00 00 02 01 00,map_binary,49b59cf8adbb9574f047821c739ce8312dfa4a55ea180cfcbbe3204a67027825
data/map/map_13.mid,2463,.mid,01 01 0f 14 10 05 00 00 01 2c 00 00 00 02 01 00,map_binary,2639979d589d6940d8de39e5f233be72add540d9dc6b011101ac8d8249212369
data/map/map_15.mid,4191,.mid,01 01 16 14 10 05 00 00 01 b8 00 00 00 00 01 00,map_binary,1ca824a198142e1242a609b9b1d1ae267a0b447778aab375bcd65bbd66d7fea5
data/map/map_16.mid,3571,.mid,01 06 19 14 10 05 00 00 01 f4 00 00 00 01 01 00,map_binary,35c95740212d331311baa388c71f9c39e21029699e47d9ed681875f699822b7d
data/map/map_17.mid,1879,.mid,01 06 0f 14 10 05 00 00 01 2c 00 00 00 01 01 00,map_binary,f2bb14525f496e26dc2c86177285f57ec41acb4e1ba58ad0b2f103047ee4cc63
data/map/map_18.mid,2111,.mid,01 06 0f 14 10 05 00 00 01 2c 00 00 00 01 01 00,map_binary,31767701ed81c01178241893c143d4ada2c15f510c63248bad5feff2101256af
data/map/map_19.mid,3043,.mid,01 06 14 19 10 05 00 00 01 f4 00 00 00 00 01 00,map_binary,33b35d5137a6962515066ce8b23bedab605ee35f840e27bf95efa638fa4de1cc
data/map/map_2.mid,4407,.mid,01 02 1a 14 10 05 00 00 02 08 00 00 00 00 01 00,map_binary,ed9800036f989222d7956c2c8a3b753a5edf62f9a6522f88e42ae0cb55b2dcf0
data/map/map_20.mid,6487,.mid,01 06 24 18 10 05 00 00 03 60 00 00 00 01 01 00,map_binary,fa8ad34d906736463d6d801a51abd165ee49ca2178be874b60192dbbdeb7251b
data/map/map_21.mid,2603,.mid,01 03 0f 14 10 05 00 00 01 2c 00 00 00 01 01 00,map_binary,da35e18270041cca4afca83367629a519b74108863452468224a43260fb0e1e9
data/map/map_22.mid,3891,.mid,01 03 0f 1e 10 05 00 00 01 c2 00 00 00 01 01 00,map_binary,d90b08fb0f78340d4c0d0e61d35f1fd4620a3a648d0bf86fb41f8b8e762e5e1e
data/map/map_23.mid,4307,.mid,01 01 0f 1e 10 05 00 00 01 c2 00 00 00 01 01 00,map_binary,cefff45ec73c29a6e16d040bbe371b7223dec367acd9e665999b1fbbaa492f54
data/map/map_24.mid,2807,.mid,01 02 10 14 10 05 00 00 01 40 00 00 00 01 01 00,map_binary,da8e4d8fdc3e6b41e72a5f7ddb1acc007ad5f87c2a319c472f8a6303bf3276e9
data/map/map_25.mid,2459,.mid,01 00 0f 14 10 05 00 00 01 2c 00 00 00 01 01 00,map_binary,55479ec144af87a14c01d13ba7dff7f1ecf49699de6593834325cb450174971e
data/map/map_26.mid,2843,.mid,01 04 0f 14 10 05 00 00 01 2c 00 00 00 01 01 00,map_binary,640e6e76de7d3511770ef8b1714574e07d69e023e8f626d285dc077d74a9e394
data/map/map_27.mid,2823,.mid,01 04 0f 14 10 05 00 00 01 2c 00 00 00 01 01 00,map_binary,7f1e4790cefc84aeed1c122c9b040e578c398268f24f9d67130bd67c8463acea
data/map/map_28.mid,2783,.mid,01 04 0f 14 10 05 00 00 01 2c 00 00 00 01 01 00,map_binary,7d584f7124ba3303966ad46d59afef5cc1993bddf75b7ad5303a8adf53d5bb6d
data/map/map_29.mid,2203,.mid,01 06 0f 14 10 05 00 00 01 2c 00 00 00 01 01 00,map_binary,82d722fc92418ea7f82c952330da57741da01d858df9d1730c882f7e51175ef9
data/map/map_3.mid,3547,.mid,01 01 14 14 10 05 00 00 01 90 00 00 00 00 01 00,map_binary,8fdcc763fc9ef686041ef079f2e79a589c444da3df0dc4b4465995f22fed27e3
data/map/map_30.mid,2719,.mid,01 04 11 17 10 05 00 00 01 87 00 00 00 01 01 00,map_binary,66fa70a8079be4a3204ccb845359c901e5f6bad154a00006d6c0ac83a2235893
data/map/map_31.mid,2111,.mid,01 06 11 16 10 05 00 00 01 76 00 00 00 01 01 00,map_binary,a58c5c0e18ea7d5adfd73f37ef2635cdf78602d27fff964a69143921a9149cc0
data/map/map_32.mid,3363,.mid,01 04 11 16 10 05 00 00 01 76 00 00 00 01 01 00,map_binary,3e5e654a40b9d759a06a51f4fb3bb7d59d68c62fff1e1ac812ae0508ec150ebd
data/map/map_33.mid,1951,.mid,01 06 0f 14 10 05 00 00 01 2c 00 00 00 01 01 00,map_binary,d67362e0f0d25a661188a344eb2eb7eca80b7939b77533e1595a66a8026f39a5
data/map/map_34.mid,2335,.mid,01 06 12 14 10 05 00 00 01 68 00 00 00 01 01 00,map_binary,d0368e260a21d1577cba99aaa752e017e8d59c6adbbee9fae137bfb46335cbd5
data/map/map_35.mid,2363,.mid,01 06 12 14 10 05 00 00 01 68 00 00 00 01 01 00,map_binary,09ef2cbd82f8f2e281846642b2088a787604a7868d26a1e69526a5365a8df0c5
data/map/map_36.mid,2795,.mid,01 06 12 15 10 05 00 00 01 7a 00 00 00 00 01 00,map_binary,e3ad079e1eb184116c1ef2b8b4ce521cea62fc99bb69e39fdd000b6de167f1da
data/map/map_37.mid,1939,.mid,01 06 0f 14 10 05 00 00 01 2c 00 00 00 01 01 00,map_binary,9762c4f0322e4f8bf88b4919fe6d617242b985108c6372d66b06ba249930da6f
data/map/map_38.mid,1971,.mid,01 06 10 14 10 05 00 00 01 40 00 00 00 01 01 00,map_binary,6fcd7ce8ff1d566ed73d9d3de9afec006690bebf5c02631d99ccc1eaf4c55b98
data/map/map_39.mid,3435,.mid,01 06 19 14 10 05 00 00 01 f4 00 00 00 01 01 00,map_binary,b4171d699d54f698f96afcb6a19af25376573fb73705544d78fac811e2f6a80d
data/map/map_4.mid,2511,.mid,01 03 0f 14 10 05 00 00 01 2c 00 00 00 01 01 00,map_binary,9b264e1a3880b76de9d6f097e90de9dec1ccaabb6a28b977e374733cf1daa2c0
data/map/map_40.mid,3063,.mid,01 06 14 19 10 05 00 00 01 f4 00 00 00 01 01 00,map_binary,73139a5a57133f719fe0ef43a89a864fe2adfb67cfd6d4c3f0abadde0f9ea3c9
data/map/map_41.mid,3471,.mid,01 06 14 19 10 05 00 00 01 f4 00 00 00 01 01 00,map_binary,ca0c49eda82194576d9953424d7da932386e8a773d4b5f675a4ffd3e1db263b8
data/map/map_42.mid,3163,.mid,01 04 10 15 10 05 00 00 01 50 00 00 00 01 01 00,map_binary,930cd5c7e22158f49fed34099fe8b09464ef3b1ccae70bf09c48aa203d18627b
data/map/map_43.mid,3207,.mid,01 04 12 16 10 05 00 00 01 8c 00 00 00 01 01 00,map_binary,c463a8f4bc7bd544c45eae81ceffcf24843498067fa86d5cedc4afa87b96fba8
data/map/map_44.mid,5107,.mid,01 04 14 19 10 05 00 00 01 f4 00 00 00 01 01 00,map_binary,4cedf111693139178bbb4f03dc38f1a92dc9a842ae72bb9a6843552b088ede12
data/map/map_45.mid,2987,.mid,01 04 0f 14 10 05 00 00 01 2c 00 00 00 01 01 00,map_binary,3287784279d7b9b8b3d86679e59388cc16660596851350b52307daa92a0dc34d
data/map/map_46.mid,3027,.mid,01 05 12 14 10 05 00 00 01 68 00 00 00 01 01 00,map_binary,995313e78661759e77004acaa0476fe636b96b885c3c10ccb71851cea03bbccd
data/map/map_47.mid,3215,.mid,01 04 10 15 10 05 00 00 01 50 00 00 00 01 01 00,map_binary,0b00ee69e5ffcad01c98eed56a25403adb852c8622a34536b7a34217bb350c4d
data/map/map_48.mid,2627,.mid,01 02 0f 14 10 05 00 00 01 2c 00 00 00 00 01 00,map_binary,b5ee56ce380692b98d90fec43a43c9b9161f90f9d4220e9931e4fd3539efa5b9
data/map/map_49.mid,11327,.mid,01 02 28 23 10 05 00 00 05 78 00 00 00 00 01 00,map_binary,140856eb676285663d1d928911d808936e87c3f6e5b38aad3635d4cfea3fb79b
data/map/map_5.mid,4619,.mid,01 02 1c 14 10 05 00 00 02 30 00 00 00 01 01 00,map_binary,c23b013af5ddcca63978f520a07acb6ab84fa211523536e6ffb9bf97f41ee799
data/map/map_50.mid,2599,.mid,01 02 0f 14 10 05 00 00 01 2c 00 00 00 01 01 00,map_binary,69b20bdf4e40060b975fb3c94128c74f2e89f559c4158b888200fe707a16b910
data/map/map_51.mid,3355,.mid,01 02 14 14 10 05 00 00 01 90 00 00 00 00 01 00,map_binary,b5a57d67ffe518744db978d614fbfc0a7dc22e80d51779243d49f39e340556f1
data/map/map_52.mid,7051,.mid,01 02 18 23 10 05 00 00 03 48 00 00 00 01 01 00,map_binary,cc977068467b3ba265d5781f0241d298e5dad3bbd96c916d5d350135f64aed52
data/map/map_53.mid,6239,.mid,01 02 1e 19 10 05 00 00 02 ee 00 00 00 01 01 00,map_binary,88840030936c59fd2312224444b95c95c0eecfbc305cd9b320c903e9c09ff1e2
data/map/map_54.mid,2611,.mid,01 00 0f 14 10 05 00 00 01 2c 00 00 00 01 01 00,map_binary,56bf0d2ad120fd379b85254120f4be0fe48da07a335d49f28a6c5afe5295f783
data/map/map_55.mid,13979,.mid,01 00 28 28 10 05 00 00 06 40 00 00 00 01 01 00,map_binary,0e6b70e6d2e8f7475d1fc9500752862b4fe51f6e914c63a15c63ec3b153b440a
data/map/map_56.mid,3447,.mid,01 00 14 14 10 05 00 00 01 90 00 00 00 01 01 00,map_binary,395b4a3efb66755081f560dee1628f5a688c1dd2c07f40be506ab435d11e650c
data/map/map_57.mid,3403,.mid,01 00 14 14 10 05 00 00 01 90 00 00 00 00 01 00,map_binary,b36ed5ada13e33023cda1014e72d1db69138e9134f71412fd34df40d96a7a1c8
data/map/map_58.mid,2635,.mid,01 00 0f 14 10 05 00 00 01 2c 00 00 00 01 01 00,map_binary,96848a182f6440d665667890c791c3473a3f29044509ce4cc8d3a4bdd6edd139
data/map/map_59.mid,2707,.mid,01 00 0f 14 10 05 00 00 01 2c 00 00 00 01 01 00,map_binary,5acc6c5ac468b73563f09655d77693458bde0c40a594ae5c16bd980571513813
data/map/map_6.mid,2467,.mid,01 02 0f 14 10 05 00 00 01 2c 00 00 00 00 01 00,map_binary,d9012996f131f21687332ac8a4a1cff1a2626f25384a1b8ec1153f43ec2226d3
data/map/map_60.mid,3247,.mid,01 00 11 16 10 05 00 00 01 76 00 00 00 01 01 00,map_binary,349de589dd85bdb512c7b9908321345a81dbfe8a6ee32573992b385fd4da853f
data/map/map_61.mid,2615,.mid,01 02 0f 14 10 05 00 00 01 2c 00 00 00 00 01 00,map_binary,0214b1ec7369dfc84e4418464d43824fc22796438c684d3ceb0b1038e9ef06be
data/map/map_62.mid,2323,.mid,01 04 0f 14 10 05 00 00 01 2c 00 00 00 01 01 00,map_binary,15fdc1d777c52aebdb8e9db4aa4c4ab114d57ac3e674b8c5f5a8422be55d069c
data/map/map_63.mid,5659,.mid,01 04 20 14 10 05 00 00 02 7e 00 00 00 00 01 00,map_binary,c52cdf1c7bb9c17a2fad98d5aac5ce9674d600537036b5d2847bec506f42b74d
data/map/map_64.mid,10611,.mid,01 04 2a 1e 10 05 00 00 04 ec 00 00 00 01 01 00,map_binary,ae3d09deb3bfc39cce2a0956b1769f0b4cb073de3859bd08888cd780c906c6d5
data/map/map_65.mid,2575,.mid,01 04 0f 14 10 05 00 00 01 2c 00 00 00 01 01 00,map_binary,58cb04d888a35b57b6ac468f62daadfeaddd29644f8febab7a0f971884ec5b91
data/map/map_66.mid,5155,.mid,01 04 1e 14 10 05 00 00 02 58 00 00 00 01 01 00,map_binary,ec0a686e39dcb41278a2d7be2c6c3082360dec95aa594a6343ee4f7370c56da2
data/map/map_67.mid,20147,.mid,01 04 33 28 10 05 00 00 07 f8 00 00 00 01 01 00,map_binary,3f9ab0c0cb9fcec7fb3bbb5736fc20ec7bd723c6186aa88aaf74c63e96353988
data/map/map_68.mid,4071,.mid,01 06 14 20 10 05 00 00 02 80 00 00 00 01 01 00,map_binary,c002f9b8df803f6dcf385b5940ec52239f1ae3e6824ccd14d2c788670b64874c
data/map/map_7.mid,4295,.mid,01 02 1a 14 10 05 00 00 02 08 00 00 00 00 01 00,map_binary,2a5080d33876c390307ac9f38077878fb5555d7c7e38321827188a18f608d7ee
data/map/map_73.mid,4895,.mid,01 03 1e 14 10 05 00 00 02 58 00 00 00 01 01 00,map_binary,70c657d83fca17b991a0c50567dd63575b157f75bd8358e65b789a46902307d0
data/map/map_74.mid,2467,.mid,01 03 0f 14 10 05 00 00 01 2c 00 00 00 01 01 00,map_binary,834c276aaf615225ccf72820ec26170d0844eaef4dbaad587e0493a2d7c78979
data/map/map_75.mid,2475,.mid,01 03 0f 14 10 05 00 00 01 2c 00 00 00 01 01 00,map_binary,7bf4219a82a780ccbd7ea654708c6936bae3f03b7ee45535aedb56208a575cb7
data/map/map_76.mid,2559,.mid,01 03 0f 14 10 05 00 00 01 2c 00 00 00 01 01 00,map_binary,7db4f4e3bfc26d263acdbe401dfecd2bfc890c82307ec1bd20ef549077b34e90
data/map/map_77.mid,2567,.mid,01 03 0f 14 10 05 00 00 01 2c 00 00 00 01 01 00,map_binary,895eccdce012db4959de117f474528bf41ad4b89794eb55f49a57201f32e1466
data/map/map_78.mid,2803,.mid,01 03 0f 14 10 05 00 00 01 2c 00 00 00 01 01 00,map_binary,bf7b3e2dff8f61750faee60ce3b6fb7227766d520b36918177fe554b7682ea45
data/map/map_79.mid,11515,.mid,01 04 28 1e 10 05 00 00 04 b0 00 00 00 01 01 00,map_binary,adb2d53b0666dccc7613b7d0eefb554cf48673fe122ac1e4227805fd08a31a91
data/map/map_8.mid,4399,.mid,01 02 1a 14 10 05 00 00 02 08 00 00 00 00 01 00,map_binary,3a4087ea746e343754abd566e5619e627744375a8faee0df65de51e940873a3e
data/map/map_80.mid,4927,.mid,01 04 0f 23 10 05 00 00 02 0d 00 00 00 01 01 00,map_binary,d7c7a62ef423f9231ff0046eb3e1e12ae232de2e2acf13d5fdc0a7948e577c44
data/map/map_81.mid,8947,.mid,01 04 14 2d 10 05 00 00 03 84 00 00 00 01 01 00,map_binary,060c967e317dd183503d48a40f3be5c397c80f4d73385119fec23a5457372c36
data/map/map_82.mid,14999,.mid,01 04 28 28 10 05 00 00 06 40 00 00 00 01 01 00,map_binary,3c61b19f38a8f96652c54d5f2bb5e2c46cc95a8d1c7b463dc0cd4cf4dc9cd45b
data/map/map_83.mid,2659,.mid,01 04 0f 14 10 05 00 00 01 2c 00 00 00 01 01 00,map_binary,f7ea8456bee43f84ba324f59152e752ad7f7e65f9031a4b9d15a30ffe4ade066
data/map/map_84.mid,2523,.mid,01 04 0f 14 10 05 00 00 01 2c 00 00 00 01 01 00,map_binary,550dea83d4c1b7232ae457c71c9f80d67dec4732f199448eb71c54caa69d13b9
data/map/map_85.mid,6043,.mid,01 04 14 20 10 05 00 00 02 80 00 00 00 01 01 00,map_binary,2fca13beaa618737f8f6ce3aefd967148433a1af50a97b5a2fa39c516aa545cd
data/map/map_86.mid,2759,.mid,01 04 0f 14 10 05 00 00 01 2c 00 00 00 01 01 00,map_binary,e437fade18fc8ada2abc0e7e75925b13dbbba35c25fd8720006148cb158c0563
data/map/map_87.mid,2895,.mid,01 04 0f 14 10 05 00 00 01 2c 00 00 00 01 01 00,map_binary,743089d6cd0aa07cd71a54d2931b54bd83206505c88bc0d2991a6d1256c66332
data/map/map_88.mid,2915,.mid,01 04 0f 14 10 05 00 00 01 2c 00 00 00 01 01 00,map_binary,626c4fa02afc5f95976ee36737d8241098a0ca777e8f1238261ae2d021ecb5d3
data/map/map_89.mid,3131,.mid,01 04 10 14 10 05 00 00 01 40 00 00 00 01 01 00,map_binary,c3069e74f530bc3e95dc2921caf2375b30cb104f8765f23585914c0193e6275f
data/map/map_9.mid,3559,.mid,01 02 15 14 10 05 00 00 01 a4 00 00 00 01 01 00,map_binary,25c2e5e037b324d49d67e79d0e5508bca6ebcc8225e0d41f157ad1d03803ae1e
data/map/map_92.mid,2631,.mid,01 00 0f 14 10 05 00 00 01 2c 00 00 00 00 01 00,map_binary,b5a4ef87129ab8931619ccdb2bb3b23ea7ba6c94d17312120e05a18a391b3d6e
data/map/map_93.mid,4859,.mid,01 03 1e 14 10 05 00 00 02 58 00 00 00 01 01 00,map_binary,8711e0c848a725c29a06421ba3894364151bd48702622beb86da459d643ffc47
data/map/map_94.mid,2495,.mid,01 00 0f 14 10 05 00 00 01 2c 00 00 00 00 01 00,map_binary,6105ba3fb2cb7ed2cd049b84867c1cd10dd33b087829944b9f67a946bd935c9e
data/map/map_95.mid,2063,.mid,01 06 10 14 10 05 00 00 01 40 00 00 00 00 01 00,map_binary,17daa35c1c44cad0223f0592f67bc8e0fbec91df546773a403a58c3d6140a180
data/map/map_96.mid,2059,.mid,01 06 10 14 10 05 00 00 01 40 00 00 00 01 01 00,map_binary,866d49005ad2112b36de4ef5ac1fe454482e772c811345befb2d1fa76835f3ce
data/map/map_97.mid,1951,.mid,01 06 10 14 10 05 00 00 01 40 00 00 00 01 01 00,map_binary,a34e838e5dbef7e2721d2545d82bf7ae82922ed9326a57a83e3085e4b3b156e0
data/map/map_98.mid,3491,.mid,01 06 1a 14 10 05 00 00 02 08 00 00 00 01 01 00,map_binary,9c375a011e46e45999850830f4e2b01f734adab13ea706f55d0717545acc9f23
data/map/map_99.mid,27,.mid,01 04 28 1e 10 05 00 00 00 00 01 01 00 00 02 02,map_binary,d3d63d600829cc81586a97b670ba559485a6ffac186fd519b02a54c40c4b5836
data/mod/mod_0.mid,1937,.mid,00 d7 00 00 00 00 00 00 10 00 10 00 00 10 00 00,module_tileset_binary,f30d4f7e3aeb507829c88f688415d019a8532def99107b1a0a5c5bf6b4f6b290
data/mod/mod_1.mid,1478,.mid,00 a4 00 00 00 00 00 00 10 00 10 00 00 10 00 00,module_tileset_binary,02083afa008978df09dbd8f6a340810dce7f03d84cb119dd495d7ef3d74ecf3c
data/mod/mod_2.mid,2342,.mid,01 04 00 00 00 00 00 00 10 00 10 00 00 10 00 00,module_tileset_binary,09f174f5bdef805c7a1db5bac44d942b7c6e79ed7587d21193d8dfbb28545eda
data/mod/mod_3.mid,1928,.mid,00 d6 00 00 00 00 00 00 10 00 10 00 00 10 00 00,module_tileset_binary,0228a73aeb6c6ef1b00dfbd59a54b30adc9e2b6d5d1db357e8d33d8407dc2374
data/mod/mod_4.mid,3125,.mid,01 5b 00 00 00 00 00 00 10 00 10 00 00 10 00 00,module_tileset_binary,e8c755d69416682cdb80726962b74ec5c2f6b8764af66f3e339ce1f368c034a4
data/mod/mod_5.mid,1199,.mid,00 85 00 00 00 00 00 00 10 00 10 00 00 10 00 00,module_tileset_binary,554ae8c89edeb672e9bc5df2ff3c6d92437a9c8d49dc143ae8f7574580c255ba
data/mod/mod_6.mid,911,.mid,00 65 00 00 01 00 00 00 10 00 10 00 00 10 00 00,module_tileset_binary,e9265f6117df76e74d2a2158aeeb0f5e54353acac84cb13a84f571465771c722
data/mod/modInfo.mid,89,.mid,07 06 00 00 00 01 00 02 00 11 00 05 00 06 07 00,module_tileset_binary,fdeb1bc2b73e47a7e9239fe6f7e3175a7702ec203f92ce44b8e6047015f600ba
data/script/backPic.mid,702,.mid,00 32 00 06 00 00 00 00 00 01 00 08 00 10 00 50,script_table_binary,96a2e75cb2004a76c47e55b7834f5d53303406aa326b61b1509803374b44366f
data/script/battleNpc.mid,72,.mid,00 0c 00 01 00 00 00 01 00 01 00 01 00 02 00 01,script_table_binary,6caf3c2ffae05fc5200bddf0f0af3dc52608a62bb8293cdc127f8bae4e029c49
data/script/blood.mid,74,.mid,00 02 00 16 00 00 00 00 ff fb ff f9 ff f9 ff f5,script_table_binary,3cf955c3b48a2288cf7286f0f93b6cfd109fd497f6f06c3da851934ff0b6ae8a
data/script/bqTask.mid,284,.mid,00 1c 00 03 01 00 07 00 03 01 00 09 00 03 02 01,script_table_binary,ee44c51006ee1ab29eb49b535375fd510b737dcc2c8672f0e56de579aefbe61f
data/script/bTask.mid,4856,.mid,00 38 00 01 0e 00 42 1e af 00 74 00 20 00 73 1e,script_table_binary,4e5de3bf943612cd2cc81f00a8079e4394cad78fa1535c0f99a56f8035c7be70
data/script/bufDebuf.mid,178,.mid,00 09 00 08 01 10 00 ff 01 0f 00 ff 00 08 01 10,script_table_binary,38fb53916176b9410dbfce4791c0dcac3ca4a688f4e3a6a949b977d6c2817dc6
data/script/chs.mid,39856,.mid,02 7c 00 01 05 00 4b 00 68 00 f4 00 6e 00 67 00,script_table_binary,7560c8e1e4b5cd210ae434f4544ffb1f6da26e663c4ee35db249be3c4825556c
data/script/cpos.mid,334,.mid,00 02 00 14 01 90 00 21 00 f0 00 51 00 ef 00 21,script_table_binary,139f08033c38118a349b2b1ba8984752fb13d367534550e6f8a1d9edf1988925
data/script/db.mid,7386,.mid,00 64 00 17 00 0a 00 00 00 04 00 01 00 04 00 13,script_table_binary,f6b60926df34ff6d387134d22cd8b2d42c19e8af4f44a4c168eec2779290135d
data/script/effect.mid,954,.mid,00 46 00 07 00 00 14 00 ff ff 00 00 07 00 00 14,script_table_binary,93303438dfdd58ebc0e258715fcb78df042aa315bc5c30b065b57b5b653471ed
data/script/mTask.mid,7684,.mid,00 62 00 01 11 00 56 00 f2 00 6e 00 67 00 20 00,script_table_binary,1e2983167b694fa87f43529d13bc2df40d867e18b450bb96b4899075427872a1
data/script/npcDialog.mid,25980,.mid,00 a8 00 01 03 00 2e 00 2e 00 2e 00 01 22 00 42,script_table_binary,fd5e84db25fdbef91bb839db609eb30471b6a183520daf68c9ba87eb916832cf
data/script/petArea.mid,2014,.mid,00 77 00 03 00 00 00 00 ff ff 00 03 00 00 00 01,script_table_binary,25f65a8d49e353164b88e3464ab1168769e848074e62570fcbd31e4110d09a71
data/script/petRide.mid,835,.mid,00 77 00 05 01 01 01 01 00 00 05 01 01 01 01 00,script_table_binary,0ce353e6cd3880e6303bb6fa3b6326326fe2196eff3c4d75bc0d16b2bac994be
data/script/pos.mid,54,.mid,00 02 00 08 00 b1 00 67 00 90 00 55 00 46 00 df,script_table_binary,aed3db7c5105f47b2a284e1ba015d7a7cb68b2bcbca5e0b58fd24d3b1cacfd63
data/script/speffect.mid,1446,.mid,00 22 00 08 00 09 00 78 00 c8 00 00 00 00 00 00,script_table_binary,8d442fc6a4474185ecee8097ec9c9f89985fbb53653018a3fdbb9920c66bbcea
data/script/sprite.mid,2138,.mid,01 59 00 02 00 00 00 64 00 03 00 01 00 65 00 64,script_table_binary,de9f6f14a657ac9bc27eea7f2d92bfde7848737fc29d89558f0e155ec688999a
data/sound/0.mid,5315,.mid,4d 54 68 64 00 00 00 06 00 01 00 0b 01 e0 4d 54,midi_audio,e9a458364f5404f868de564ba64df12ad2b26597004f3cb327e8044a085c58c8
data/spr/spr_0_all(r),1930,,00 2c 00 05 00 00 00 00 00 00 00 1b 00 19 00 00,sprite_binary,14d57cde5f84623b60d8b5f45ca69ef84b17645f30e384a339d83fc099d64c7b
data/spr/spr_100_all(r),46,,00 01 00 05 00 00 00 00 00 00 00 34 00 39 00 01,sprite_binary,d1f17151141ee241f49bd161a9bb2d9634e2dedefc9f8cee1ff322c2bbc5e5f6
data/spr/spr_101_all(r),46,,00 01 00 05 00 00 00 00 00 00 00 76 00 66 00 01,sprite_binary,e2fc4b87fb7b19f2669ed6c9fc4e15b519eca1aad70e14d4ac85811a7530fe43
data/spr/spr_102_all(r),66,,00 01 00 05 00 00 00 00 00 00 00 30 00 2c 00 01,sprite_binary,ed6502013e6ba4e83dde4002cc3d0a0c2f8b02c3e1a4826952f8480528bf96b8
data/spr/spr_103_all(r),46,,00 01 00 05 00 00 00 00 00 00 00 40 00 3e 00 01,sprite_binary,3cbb0a00a77ffd36e52208c5f81a4cbdc3bace1f38fe24354d826db11b480404
data/spr/spr_104_all(r),46,,00 01 00 05 00 00 00 00 00 00 00 5c 00 48 00 01,sprite_binary,71197fcb7a0b21ef0c54f57db07051e54d6ef64cc78075927c728fb1cb68cf68
data/spr/spr_105_all(r),40,,00 01 00 05 00 00 00 00 00 00 00 18 00 1e 00 01,sprite_binary,b03fdbe8eb54de49e97014831aae7b77c113bc336e8a3f5cf618eb7183b111f0
data/spr/spr_106_all(r),46,,00 01 00 05 00 00 00 00 00 00 00 44 00 3a 00 01,sprite_binary,3edf10e3b97c15c9d4ab4549daea34019ee2342bc619009708c9b4f066178518
data/spr/spr_107_all(r),46,,00 01 00 05 00 00 00 00 00 00 00 6c 00 4c 00 01,sprite_binary,0368a4787dff8b8a24e25bcbdc668e19bc366089d3ab73d40762474fc4a9c0ca
data/spr/spr_108_all(r),46,,00 01 00 05 00 00 00 00 00 00 00 31 00 2e 00 01,sprite_binary,c2387c16cb6101663caa73752a79d856e1e0bc3bff4ee2c59345cadf422db2c6
data/spr/spr_109_all(r),46,,00 01 00 05 00 00 00 00 00 00 00 20 00 2f 00 01,sprite_binary,02471aaa0c84ddbf9c65ca5fa03a9f436672848bb56048c049cfca3a773a57ea
data/spr/spr_10_all(r),928,,00 0e 00 05 00 00 00 00 00 00 00 16 00 13 00 00,sprite_binary,e72f563a2de0b18a76307f2fe1695bfa382feee62b375a6655db4e83852e2c78
data/spr/spr_110_all(r),46,,00 01 00 05 00 00 00 00 00 00 00 26 00 29 00 01,sprite_binary,96dd8d1c171d2458dbc00514cdb9470a80213858081d70a395ccfa14a9fb4854
data/spr/spr_111_all(r),46,,00 01 00 05 00 00 00 00 00 00 00 38 00 3a 00 01,sprite_binary,5efa46564fa3442e5084a1158a4010d6bb365b7fc83b8e94552d81692e65fe7f
data/spr/spr_112_all(r),46,,00 01 00 05 00 00 00 00 00 00 00 2b 00 2c 00 01,sprite_binary,476195123d4374187c7f10fd6ae0b38dbd26611ced788564b03b692950db6fd9
data/spr/spr_113_all(r),46,,00 01 00 05 00 00 00 00 00 00 00 40 00 2d 00 01,sprite_binary,bc22029911364aa5eb473fa7fb6ded367506f193ca3ca890d2219dacd43e19e2
data/spr/spr_114_all(r),46,,00 01 00 05 00 00 00 00 00 00 00 29 00 2a 00 01,sprite_binary,1495aaf41a280e49bd4ad28da4f56bba5a4cbc70aa2045095fde6dccf9a31d11
data/spr/spr_115_all(r),46,,00 01 00 05 00 00 00 00 00 00 00 3a 00 2c 00 01,sprite_binary,0dc0168210436c30031f7ed366d9acc4443b84cb0a88a7e31298fd1f684a5f76
data/spr/spr_116_all(r),46,,00 01 00 05 00 00 00 00 00 00 00 25 00 2b 00 01,sprite_binary,fc2e586a964b51c4278a83a7abd4af0da53c3f9cf2a468cce508c87252fd2f21
data/spr/spr_117_all(r),46,,00 01 00 05 00 00 00 00 00 00 00 52 00 5a 00 01,sprite_binary,fa7f740b4a8037cd63df9bc03054896952d24857a281d2aebad08779957168ff
data/spr/spr_118_all(r),46,,00 01 00 05 00 00 00 00 00 00 00 29 00 26 00 01,sprite_binary,ded9c9009c886f86e24e470d2c938c2cfa78a32af18efe6b07369491d80cdb46
data/spr/spr_119_all(r),46,,00 01 00 05 00 00 00 00 00 00 00 21 00 35 00 01,sprite_binary,06c9e8ecbfeb3e84fc0afa808d289f77fd09f043b91a11219b3eb419e7231a38
data/spr/spr_120_all(r),46,,00 01 00 05 00 00 00 00 00 00 00 31 00 29 00 01,sprite_binary,b21e3ad9302438e8688e2fd4064be9bab210eee34292b92d463bd0a8c70bd5b3
data/spr/spr_121_all(r),46,,00 01 00 05 00 00 00 00 00 00 00 2d 00 28 00 01,sprite_binary,f4c1c79ef7a6c40db1947e5cfe3a9725b2fc8c3b3dc0ee5d42fe11463c96ec37
data/spr/spr_122_all(r),46,,00 01 00 05 00 00 00 00 00 00 00 3c 00 41 00 01,sprite_binary,aab454781c5dd16e85c92e622ecf886e634621bc0e7aa3e1d37cdda78b0bd79b
data/spr/spr_123_all(r),40,,00 01 00 05 00 00 00 00 00 00 00 33 00 24 00 01,sprite_binary,8ebac595983fcb905f0d7818ef82a8dd30c0af9b7f62e0ad35940bcc7f58bcc3
data/spr/spr_124_all(r),46,,00 01 00 05 00 00 00 00 00 00 00 53 00 31 00 01,sprite_binary,d0a1a3dfdc36fc7ed324fdcf8a681232aed718f1701bbbcd42098a516e0a4286
data/spr/spr_125_all(r),46,,00 01 00 05 00 00 00 00 00 00 00 29 00 31 00 01,sprite_binary,22eba90c759079e4b5ac907dd5a79d890fdfa3da63c3287a76edfc51d50eeaa3
data/spr/spr_126_all(r),46,,00 01 00 05 00 00 00 00 00 00 00 29 00 34 00 01,sprite_binary,6187653890270bd481b82b26dc8c3a771bb56bdf95e17759df4585b0223d6c97
data/spr/spr_127_all(r),46,,00 01 00 05 00 00 00 00 00 00 00 3a 00 2e 00 01,sprite_binary,e10713695e680532176426c8e91ffdd4663d6662d57c77c94b4a02b1bb8946d3
data/spr/spr_128_all(r),46,,00 01 00 05 00 00 00 00 00 00 00 41 00 2e 00 01,sprite_binary,81e1f7424aac643b01ba95d6432a84ac6ef789320ec6d88da28db17daa8c8c37
data/spr/spr_129_all(r),46,,00 01 00 05 00 00 00 00 00 00 00 32 00 26 00 01,sprite_binary,1db5cba9dabd8d94fc9cc855041e012f49ad344ff79fe11af5431c2f4c4602bd
data/spr/spr_12_all(r),400,,00 06 00 05 00 00 00 00 00 00 00 1b 00 0f 00 00,sprite_binary,177bb0c3e8f7ce0075e0c5d1f1c987f3bf97ef7f2822b2ac601bfde4bbb2be2a
data/spr/spr_130_all(r),46,,00 01 00 05 00 00 00 00 00 00 00 3b 00 2c 00 01,sprite_binary,4a9f863b14b1e4bb942b23adf9bc65e02580808c74c7578f6f8a73bd378c772b
data/spr/spr_131_all(r),46,,00 01 00 05 00 00 00 00 00 00 00 4a 00 40 00 01,sprite_binary,56f3356c8562f081e88d382fa81b74434cb6295b613f01a279e4f339987c0072
data/spr/spr_132_all(r),46,,00 01 00 05 00 00 00 00 00 00 00 4d 00 41 00 01,sprite_binary,9ddae9c37d98dd5c9c6bcbe7b123ab2a068634ac233b43c8152f2212b810bdea
data/spr/spr_133_all(r),46,,00 01 00 05 00 00 00 00 00 00 00 48 00 51 00 01,sprite_binary,7bbaf170b0cc0979bbb86c6804f3b9cebfba7766d013d90220ef5c9ff89a7f8b
data/spr/spr_134_all(r),46,,00 01 00 05 00 00 00 00 00 00 00 26 00 24 00 01,sprite_binary,d4997029f655e94fed027c7a0c93f75b034ea0c276174129b25f20776b99f99b
data/spr/spr_135_all(r),46,,00 01 00 05 00 00 00 00 00 00 00 3c 00 36 00 01,sprite_binary,6f2830a167d781a74fd95220b76957a1ece9b0837fddee2d901e1e783ec8e66a
data/spr/spr_136_all(r),46,,00 01 00 05 00 00 00 00 00 00 00 54 00 43 00 01,sprite_binary,b2aef77e011e641cf440bda268a73921e1d78a861324a39de5c15928c961f8e7
data/spr/spr_137_all(r),66,,00 01 00 05 00 00 00 00 00 00 00 2c 00 29 00 01,sprite_binary,27a77950889b48408ab77454e21dbbbc9faf4ec8ea83f23e5867c81a21ac8123
data/spr/spr_138_all(r),46,,00 01 00 05 00 00 00 00 00 00 00 3e 00 45 00 01,sprite_binary,09b11bc5ba979c12d0a5cd19dd32c191bfd70827f7ced3f55b1eebc669d3aff6
data/spr/spr_139_all(r),46,,00 01 00 05 00 00 00 00 00 00 00 55 00 57 00 01,sprite_binary,a0693f91a655a3ab566f7d2b3969b3bac7a9d1b6988d5fba2420fa67f75124a3
data/spr/spr_13_all(r),616,,00 08 00 05 00 00 00 0d 00 00 00 0d 00 16 00 00,sprite_binary,04a3d223768e5b6722d248311f37a0ad4e89742e8d7ecbe7cfbda694f983732e
data/spr/spr_140_all(r),46,,00 01 00 05 00 00 00 00 00 00 00 27 00 38 00 01,sprite_binary,5cf4465206193a2c1a1e320b0e65a3bb6401013c5341c6cb72e48218eead4690
data/spr/spr_141_all(r),46,,00 01 00 05 00 00 00 00 00 00 00 46 00 2f 00 01,sprite_binary,e9e03fa8b707efe4fbe1fd387534d66c2ff3c75d7403074f38a1590e928b273d
data/spr/spr_142_all(r),46,,00 01 00 05 00 00 00 00 00 00 00 45 00 2a 00 01,sprite_binary,f275b410f1307a273ba066d5b4b3c7c74fbe475ae0d201df7fcdc34b00210f79
data/spr/spr_143_all(r),46,,00 01 00 05 00 00 00 00 00 00 00 3f 00 2e 00 01,sprite_binary,f929648c8f62cb7b94f3d9070860b05ae13e6e52ebede1d2be2c070d82e16a6d
data/spr/spr_144_all(r),46,,00 01 00 05 00 00 00 00 00 00 00 39 00 44 00 01,sprite_binary,ae30fedaaedcfda4ee39e973f7e051702bbc3de8c3541990649070accbc1b241
data/spr/spr_145_all(r),46,,00 01 00 05 00 00 00 00 00 00 00 34 00 3e 00 01,sprite_binary,a39cc1d029a60b49e6b7186f2804876f60e536ce8b7125faf7b14f4b4a2dd5c7
data/spr/spr_146_all(r),46,,00 01 00 05 00 00 00 00 00 00 00 48 00 3b 00 01,sprite_binary,ea42fadc0fd23b6e2989b8f48d1b60eec1c7adc8a5bbea6924cb05eb06da03a3
data/spr/spr_147_all(r),46,,00 01 00 05 00 00 00 00 00 00 00 48 00 32 00 01,sprite_binary,15867e4b1b834a02621e34bd9aa0707e4e8d26e97dfc9f8a379375942e66f6fd
data/spr/spr_148_all(r),46,,00 01 00 05 00 00 00 00 00 00 00 3d 00 3f 00 01,sprite_binary,4a42b650209d7c0e8dd7e5544d6cfb305aae9232d8230fb762f47abc391ef7d1
data/spr/spr_149_all(r),46,,00 01 00 05 00 00 00 00 00 00 00 64 00 4e 00 01,sprite_binary,422e7c06eaaa1b78769c0351c8e8f688cfa89874dc57aa52859a45a4cc5e3895
data/spr/spr_150_all(r),46,,00 01 00 05 00 00 00 00 00 00 00 4c 00 3d 00 01,sprite_binary,cd0172b2990914e70db5793e58eb18ff158f3066874079ca7e4d3a1190963e9c
data/spr/spr_151_all(r),46,,00 01 00 05 00 00 00 00 00 00 00 28 00 2f 00 01,sprite_binary,e753deaeca0987bb4dc465802f0f1b9e1e76ea75acee2fd7d0315a031535f822
data/spr/spr_152_all(r),46,,00 01 00 05 00 00 00 00 00 00 00 3a 00 3b 00 01,sprite_binary,60be4783b7a4fcafca76783be4001368c2ed8344799744570dcc1ad462f96a00
data/spr/spr_153_all(r),46,,00 01 00 05 00 00 00 00 00 00 00 4e 00 4a 00 01,sprite_binary,52977210c82dc174b8b0d77ab15b8140036ee81d82f9243d3f6cf0e6ba4e368b
data/spr/spr_154_all(r),46,,00 01 00 05 00 00 00 00 00 00 00 2b 00 2e 00 01,sprite_binary,00756656f324548039ed97e08d18a6100cc8d6930a512781985e9ce4458754a3
data/spr/spr_155_all(r),46,,00 01 00 05 00 00 00 00 00 00 00 39 00 3d 00 01,sprite_binary,03150f3b42e65c5b3891dfe9d0b483af0be05523067ea448a177124c23dcddce
data/spr/spr_156_all(r),46,,00 01 00 05 00 00 00 00 00 00 00 40 00 38 00 01,sprite_binary,f4b22e8f881528f43d031a99b2b108b6f4e289fe299899598d04d052d14f85d7
data/spr/spr_157_all(r),46,,00 01 00 05 00 00 00 00 00 00 00 45 00 3e 00 01,sprite_binary,9ced6baadddf5610c3e17fd7e600f3812772fa18377df04c189cb8c07c1507b7
data/spr/spr_158_all(r),40,,00 01 00 05 00 00 00 00 00 00 00 2f 00 36 00 01,sprite_binary,96769d30c6a5637794009186b664688c1b6be8eee1e40781946f0c7a1f4c2143
data/spr/spr_159_all(r),46,,00 01 00 05 00 00 00 00 00 00 00 2c 00 35 00 01,sprite_binary,c53cfa3d94a87ba8e3eab1744a78749bcca18a472e82c92249a0f58ceb78db72
data/spr/spr_160_all(r),46,,00 01 00 05 00 00 00 00 00 00 00 36 00 3e 00 01,sprite_binary,c717e1b4fa66fdf7477cf17c48edf3165d45cb022281cce97f3922d0959a417f
data/spr/spr_161_all(r),56,,00 01 00 05 00 00 00 00 00 00 00 5a 00 51 00 01,sprite_binary,f9e79e2c2479483d1a25a5b0ab6ded6f33c650702af352de390ce04526eda76a
data/spr/spr_162_all(r),46,,00 01 00 05 00 00 00 00 00 00 00 26 00 27 00 01,sprite_binary,b87447972c5884b4ff4ca8e8c3b35f79da33acbb6b157c067feee9ee758b3e3f
data/spr/spr_163_all(r),46,,00 01 00 05 00 00 00 00 00 00 00 35 00 2b 00 01,sprite_binary,df332f6757309fcd05a432c2b6b87689f3f6d66409f14b53b1800c32ce1a70d1
data/spr/spr_164_all(r),46,,00 01 00 05 00 00 00 00 00 00 00 51 00 3d 00 01,sprite_binary,2e9400f5f2ccbeb2ff2a29eb81ec47c651f43cb1d5c27cbdb156bc55be91b0ea
data/spr/spr_165_all(r),46,,00 01 00 05 00 00 00 00 00 00 00 24 00 2e 00 01,sprite_binary,a827d51f60904abe4db7094ae22f0d597c4586b7e477f0e735429e7f849cf9dc
data/spr/spr_166_all(r),46,,00 01 00 05 00 00 00 00 00 00 00 4a 00 3c 00 01,sprite_binary,cbad51513957d52fcc78f0239b7c656f78841611cfb847800bbebb36c6086d42
data/spr/spr_167_all(r),46,,00 01 00 05 00 00 00 00 00 00 00 4e 00 50 00 01,sprite_binary,35c8b8549a7530a25eb3d41c4039944e7cd5b9e7cb735dbb8816da8f566391b8
data/spr/spr_168_all(r),46,,00 01 00 05 00 00 00 00 00 00 00 2f 00 2e 00 01,sprite_binary,a04945cbaced58801bc0da850cb82d62b8e68c699e50c5f9b04ef3d6e5b7f8c3
data/spr/spr_169_all(r),46,,00 01 00 05 00 00 00 00 00 00 00 33 00 30 00 01,sprite_binary,749dbd2ebe6ef36577b41073ca28380d86b9c03ed558f248566cac654dd1f816
data/spr/spr_170_all(r),46,,00 01 00 05 00 00 00 00 00 00 00 39 00 34 00 01,sprite_binary,401211a5a2b5dd3e9a54e0a030f0a0bb657721fcb0a4107dfaa6500901b0d1bc
data/spr/spr_171_all(r),46,,00 01 00 05 00 00 00 00 00 00 00 43 00 35 00 01,sprite_binary,71b9a21269a0e343f3dee0c8e6cc1d6b83d5fe64624396784e1ea767ed931380
data/spr/spr_172_all(r),46,,00 01 00 05 00 00 00 00 00 00 00 4e 00 3d 00 01,sprite_binary,488852d9a83a5d2f29cf5e7b74ed316eed14bb71c70f982d27cd417556a7ad5d
data/spr/spr_173_all(r),46,,00 01 00 05 00 00 00 00 00 00 00 55 00 5e 00 01,sprite_binary,13b60ed31f4868fb8039551bdfc33a6e6e4e95963aaa856c986c6aa65555aeb3
data/spr/spr_174_all(r),46,,00 01 00 05 00 00 00 00 00 00 00 2c 00 22 00 01,sprite_binary,51ac98619a161fb4094a2417f3448a5c06489252239c7d408daf0769a354e76e
data/spr/spr_175_all(r),46,,00 01 00 05 00 00 00 00 00 00 00 22 00 2b 00 01,sprite_binary,d748db607309bd0a96798b0dce0894b302dda91438ebfd8f431717f8e0cc2afe
data/spr/spr_176_all(r),46,,00 01 00 05 00 00 00 00 00 00 00 22 00 2b 00 01,sprite_binary,d748db607309bd0a96798b0dce0894b302dda91438ebfd8f431717f8e0cc2afe
data/spr/spr_177_all(r),46,,00 01 00 05 00 00 00 00 00 00 00 3f 00 2c 00 01,sprite_binary,33fd642e083dddd717176927cf5cf6ecc96b3cd3014f718ba57b9d285b7c5ae1
data/spr/spr_178_all(r),46,,00 01 00 05 00 00 00 00 00 00 00 4b 00 4e 00 01,sprite_binary,912b49551f3244bc75994183bb958d3986ba22fa100007be1d053aaa62a8f311
data/spr/spr_179_all(r),46,,00 01 00 05 00 00 00 00 00 00 00 5a 00 44 00 01,sprite_binary,7f1c865d704c4efc7c202022a3a98b54878046940c2566788cee1b84d8198a96
data/spr/spr_17_all(r),324,,00 04 00 05 00 00 00 00 00 00 00 0d 00 1a 00 00,sprite_binary,a4f6318c273107764c7c465f093780b2b97178161188ea07bd1b5059972167f3
data/spr/spr_180_all(r),46,,00 01 00 05 00 00 00 00 00 00 00 63 00 47 00 01,sprite_binary,797fcffd4ea4971041650a80eee55712afb4279237bc4228d162b9212d1eafbd
data/spr/spr_181_all(r),46,,00 01 00 05 00 00 00 00 00 00 00 24 00 2e 00 01,sprite_binary,a827d51f60904abe4db7094ae22f0d597c4586b7e477f0e735429e7f849cf9dc
data/spr/spr_182_all(r),46,,00 01 00 05 00 00 00 00 00 00 00 55 00 48 00 01,sprite_binary,6ad215696b991321e079f6cc56eaa39eed49c4522da5ca6991a3b41e5117cf5d
data/spr/spr_183_all(r),46,,00 01 00 05 00 00 00 00 00 00 00 68 00 3a 00 01,sprite_binary,5af8fff628d098bd0a4b98cb45f9f96705e2a21d9f742c4410b84ead97242ef8
data/spr/spr_184_all(r),46,,00 01 00 05 00 00 00 00 00 00 00 6d 00 43 00 01,sprite_binary,edfee3cbdb1a8fd65e525feb32c1d9c06b15fd36c802400c48f34e0387188468
data/spr/spr_185_all(r),46,,00 01 00 05 00 00 00 00 00 00 00 5d 00 4f 00 01,sprite_binary,7d240a263d37d3be2af9b0d93fa3502c61f83403e69ad50029d267a270a9800e
data/spr/spr_186_all(r),182,,00 08 00 05 00 00 00 20 00 30 00 10 00 10 00 00,sprite_binary,c6fec8b6f00965d279be068074912907e5ca7e358b9c16825c51c6d1354b2fed
data/spr/spr_187_all(r),754,,00 0f 00 05 00 00 00 6c 00 7f 00 26 00 17 00 00,sprite_binary,be9fab0c79df5df94e29cb230e9f24734f83115dace97bb49e0986093e646753
data/spr/spr_188_all(r),146,,00 06 00 05 00 00 00 53 00 00 00 85 00 30 00 00,sprite_binary,052544812828f4bb6f89f4b849974979ec2df1696ff4ba2efa62355d04eb435e
data/spr/spr_189_all(r),56,,00 01 00 05 00 00 00 62 00 00 00 17 00 2a 00 01,sprite_binary,ae6da6014d957e3075560c2a148445538192df9407b4d6aabb0f5dc1b59cb1d3
data/spr/spr_191_all(r),406,,00 07 00 05 00 00 00 34 00 59 00 0c 00 16 00 00,sprite_binary,d0bea9b38380e83143aaf6ca21762cc62b8e91bc8fd38e48d9c8eb1506d8eb63
data/spr/spr_192_all(r),82,,00 01 00 05 00 00 00 20 00 60 00 0e 00 2e 00 02,sprite_binary,77cb588c723881afa61f8ced2610be1035e37526435305b1cdafe599011513c2
data/spr/spr_193_all(r),74,,00 02 00 05 00 00 00 00 00 30 00 3a 00 27 00 00,sprite_binary,005e77cbf29f426248171381358afc4f1f25b65e0757cf1df87c645dabb3bac9
data/spr/spr_194_all(r),74,,00 02 00 05 00 00 00 3a 00 2d 00 3f 00 27 00 00,sprite_binary,17cc7bf79385088b07b9bc94bdae56ba228bb139bcb16190cc541309eb978fa7
data/spr/spr_195_all(r),74,,00 02 00 05 00 00 00 30 00 00 00 32 00 2d 00 00,sprite_binary,6fb469def0d249efc7c05628cc232ce6d6ca9fa63906f9e371a095f998cc7222
data/spr/spr_196_all(r),82,,00 01 00 05 00 00 00 20 00 40 00 0f 00 20 00 02,sprite_binary,88b6d6f194eb468f62af46108eabb428f616119ca31c6010eeda8b3c5fd60213
data/spr/spr_197_all(r),208,,00 02 00 05 00 00 00 00 00 00 00 20 00 20 00 00,sprite_binary,24258f6c3c9b45e7d793d8e636235cf105869fbc2c64b69d0584bf3b40a04e67
data/spr/spr_198_all(r),56,,00 01 00 05 00 00 00 00 00 00 00 0c 00 0b 00 01,sprite_binary,5e6b9a15223ce47bee313dc83940587f10cd7719e8c6f79dfd8fef2823970414
data/spr/spr_199_all(r),206,,00 09 00 05 00 00 00 00 00 00 00 07 00 04 00 00,sprite_binary,6d99384f661a0fb73fcedb01f755fd50bd95dca4013e11179902c7eeba0d35a3
data/spr/spr_1_all(r),3778,,00 6c 00 05 00 00 00 00 00 00 00 16 00 12 00 00,sprite_binary,db8912a0767e1d91f3ee11b29cef2c1ea075ef5eac81c2185a9f1f797a61b60b
data/spr/spr_200_all(r),92,,00 02 00 05 00 00 00 00 00 00 00 29 00 33 00 00,sprite_binary,74ce9f4babad1b761ab5ef38d31e9779f87e13542104895faa1d25b4ea585057
data/spr/spr_201_all(r),154,,00 04 00 05 00 00 00 ca 00 4c 00 15 00 42 00 00,sprite_binary,756b5fb567d69531936909f883cb76bb248c80d33edac0c002465103769346ff
data/spr/spr_202_all(r),202,,00 03 00 05 00 00 00 00 00 00 00 14 00 27 00 00,sprite_binary,cd846549d939273a60945b1070c46034c696295030e9553e8be3c3ebc7dc2e98
data/spr/spr_203_all(r),262,,00 08 00 05 00 00 00 00 00 31 00 19 00 22 00 00,sprite_binary,7e7e638332102cdd5b690a362a4e73504901d6b75ccb6f76b4493204c7169020
data/spr/spr_204_all(r),82,,00 01 00 05 00 00 00 2c 00 00 00 14 00 27 00 02,sprite_binary,657b17bc2ae80fcb648c3363920cbb0035b08d31fc180709628fb1028c167044
data/spr/spr_205_all(r),82,,00 01 00 05 00 00 00 1c 00 00 00 10 00 17 00 02,sprite_binary,01aad4d99262a532c506e5d467571dfc38d96f29bc2c522e89784b5733b16e1d
data/spr/spr_206_all(r),144,,00 03 00 05 00 00 00 e6 00 00 00 1f 00 54 00 00,sprite_binary,4df2a483a6bea9d80db267aba2f4807ce40b36d6cf6102692a679d7dd14605e6
data/spr/spr_207_all(r),222,,00 06 00 05 00 00 00 00 00 31 00 58 00 44 00 00,sprite_binary,42ce4a01cef84e353d7bd6387ab06e2e1edda43095fafd50b503f5451836cbf4
data/spr/spr_208_all(r),1076,,00 10 00 05 00 00 00 28 00 00 00 17 00 30 00 00,sprite_binary,a7f06e37737d0edaecb7533107923639967fb69ed23dbb8a042419d136e50086
data/spr/spr_209_all(r),56,,00 01 00 05 00 00 00 b6 00 77 00 12 00 17 00 01,sprite_binary,bdff2b5b965316f7a6dd16f2014f2256e57bb4321ec4f40438a78f73b9963588
data/spr/spr_20_all(r),738,,00 0a 00 05 00 00 00 00 00 00 00 18 00 1d 00 00,sprite_binary,8d3f9b78ba65fd9a1c6f59c4a67fe7dbc52a8e53ab55772ffb1e811781b38335
data/spr/spr_210_all(r),432,,00 0c 00 05 00 00 00 57 00 77 00 38 00 10 00 00,sprite_binary,aa9b00f9f6fc56b56d31f820083ea41382fcb231459ff7def39a14a3d4e61c25
data/spr/spr_211_all(r),60,,00 01 00 05 00 00 00 f6 00 72 00 0f 00 23 00 01,sprite_binary,3656e897aeb6d4c35cb5c18761b6cf4d774e416c2d8a9bcbe164af6b507980c2
data/spr/spr_212_all(r),240,,00 02 00 05 00 00 00 00 00 00 00 14 00 26 00 00,sprite_binary,76e2556b6afd32e2933c71526f374eef8abeecc87fc1517c7b48b1f75360bbed
data/spr/spr_213_all(r),208,,00 02 00 05 00 00 00 00 00 00 00 19 00 1c 00 00,sprite_binary,7d2049419af3eacb2182b697aea622946d2100a1a1c8df77c5562c12e2256a2c
data/spr/spr_214_all(r),1024,,00 0c 00 05 00 00 00 00 00 16 00 50 00 39 00 00,sprite_binary,a5bc03121ca8306cf7ce51d60550e689fecd7518ded6e2fa8c8fcc8f140fbb5c
data/spr/spr_215_all(r),342,,00 08 00 05 00 00 00 00 00 30 00 30 00 15 00 00,sprite_binary,2ad47918ec562bf64ae7340a57e24cfea4a2cd853c64bec04b57b6a3e3516014
data/spr/spr_216_all(r),56,,00 01 00 05 00 00 00 00 00 00 00 10 00 12 00 01,sprite_binary,7421863b2e5f469fa7e40cf57bdce3726d3b67054f0d8c4971d22db688593a47
data/spr/spr_217_all(r),82,,00 01 00 05 00 00 00 00 00 00 00 2f 00 30 00 02,sprite_binary,7be18d789b6c93d99ee445f673bfa3b06981e6b9eba4e1af24cbd60921c9d581
data/spr/spr_218_all(r),664,,00 09 00 05 00 00 00 00 00 00 00 2f 00 1e 00 00,sprite_binary,8c39fc0a73da013305adf67f39de74088e1f9deeb9a04b3c01ff4f78c876deed
data/spr/spr_219_all(r),240,,00 02 00 05 00 00 00 00 00 00 00 10 00 30 00 00,sprite_binary,70900145777f3f96896486add67e4505922155b08fb071427acbd3b3b21cc66c
data/spr/spr_220_all(r),444,,00 08 00 05 00 00 00 00 00 24 00 29 00 31 00 00,sprite_binary,f3caa7f338e1393bd989b644bcea78589a1d757c2713f5da3f56d5fad65a96ac
data/spr/spr_221_all(r),1592,,00 1d 00 05 00 00 00 00 00 21 00 20 00 23 00 00,sprite_binary,4ec96898b745de96acbbe928f06f4eb5225bef6c7346489917939206704c21af
data/spr/spr_222_all(r),240,,00 02 00 05 00 00 00 00 00 00 00 13 00 25 00 00,sprite_binary,310b9fbeeb2d49d69a790ab4d701d71905fbddb687e71c96e10ef4607de2be44
data/spr/spr_223_all(r),230,,00 01 00 05 00 00 00 00 00 00 00 10 00 10 00 08,sprite_binary,9883ac58e0a7b07ebf8a545907af18201a7043c9de63b6b96dce973d73ee2e02
data/spr/spr_224_all(r),314,,00 03 00 05 00 00 00 00 00 00 00 0c 00 25 00 00,sprite_binary,22ffdb360cf97f01792a56eab1b4fb6ad4aa8a00ada19051e76b01383914e103
data/spr/spr_225_all(r),92,,00 02 00 05 00 00 00 00 00 00 00 0f 00 0e 00 00,sprite_binary,34c7c6b8a726191f325ed2d5c27eac3e60949f0dc49a5ec7d7c6367e877d9386
data/spr/spr_226_all(r),200,,00 03 00 05 00 00 00 00 00 00 00 40 00 40 00 00,sprite_binary,b6fae33270f3953008df8305d533c036c4212ddd2b6776005a5c175d9ed0b9b1
data/spr/spr_227_all(r),376,,00 06 00 05 00 00 00 00 00 00 00 18 00 40 00 00,sprite_binary,8cbda0600a37eb8b534a86e256c343a23026ff17f51489df6b07999d808259fa
data/spr/spr_228_all(r),390,,00 08 00 05 00 01 00 00 00 00 00 20 00 28 00 01,sprite_binary,ef5428df73c51b44532090d34c1ce1df387d053206747ada2dff58a040ff2c2c
data/spr/spr_229_all(r),280,,00 04 00 05 00 00 00 00 00 40 00 13 00 23 00 00,sprite_binary,bc8b2b4e7cb0e7b059f8f5bb25b45959e58bc221f41d9797fcdc7b607c52d956
data/spr/spr_22_all(r),916,,00 08 00 05 00 00 00 00 00 00 00 0a 00 24 00 00,sprite_binary,42221f8dcbf9571b8f80ab93a7443c0425c048102f2bfb5ede90f103e5c1a989
data/spr/spr_230_all(r),56,,00 01 00 05 00 00 00 00 00 00 00 16 00 21 00 01,sprite_binary,ba8716584130697cbe6eef399588b6a74270ca5a28cab7d8f9badae5ae58181f
data/spr/spr_231_all(r),878,,00 08 00 05 00 00 00 00 00 00 00 1f 00 3f 00 00,sprite_binary,5c45a228eedb975aff20b1d664114ee7151070e52c446b6b7b914d2da24fe485
data/spr/spr_232_all(r),64,,00 01 00 05 00 00 00 55 00 39 00 0f 00 2a 00 01,sprite_binary,4503dc21122bfe601e5372e8775457d0a03579f4c5fe99ff0b26931817f4d56b
data/spr/spr_233_all(r),82,,00 01 00 05 00 00 00 26 00 40 00 18 00 1c 00 02,sprite_binary,47f94e949a8e69f3a0b73203bad7461f98b89fed07dbcadfd3d105e38d190218
data/spr/spr_234_all(r),82,,00 01 00 05 00 00 00 84 00 50 00 10 00 11 00 02,sprite_binary,25ddbef3acb85a646c4da7fce7d7bdce55c39bb67479a7dcaa036ddd87ecba50
data/spr/spr_235_all(r),82,,00 01 00 05 00 00 00 3e 00 47 00 17 00 18 00 02,sprite_binary,57c4c2d5e615ff2b749e79699b595e701f05bf783a938fc6d786d28909ef3af1
data/spr/spr_236_all(r),82,,00 01 00 05 00 00 00 13 00 40 00 12 00 1f 00 02,sprite_binary,1747006ce44325a7a524fbcd3d73a124e44fc64f710385b7e70740e04a752994
data/spr/spr_237_all(r),166,,00 03 00 05 00 00 00 40 00 00 00 10 00 46 00 00,sprite_binary,aea7dc41d2eeeb8ea4f753a5a18386b12f73045a7061b7954e11123700743fe0
data/spr/spr_238_all(r),364,,00 08 00 05 00 00 00 0e 00 10 00 0e 00 12 00 00,sprite_binary,36e6d6cef8b4277cb7994602977628edb2c8f212bddb8747d68ef081fc9291f5
data/spr/spr_239_all(r),66,,00 01 00 05 00 00 00 00 00 00 00 1a 00 1f 00 01,sprite_binary,661b985de99a266c8441d022dce5028776441a66ce98dc9b61471290b928c894
data/spr/spr_23_all(r),894,,00 09 00 05 00 00 00 00 00 00 00 0b 00 1f 00 00,sprite_binary,750dd2c1eb5365c0873d6ace88ddf9b37117d1e3833fe50d78c293eab629009d
data/spr/spr_240_all(r),370,,00 06 00 05 00 00 00 1c 00 00 00 10 00 0f 00 00,sprite_binary,aab1520dc614277deb4a9b922e032ae7f3e9d39c7c47b447c8b8731b258029a0
data/spr/spr_241_all(r),112,,00 02 00 05 00 00 00 00 00 00 00 10 00 10 00 00,sprite_binary,3e062cdeec5c78c6b65faf28edb4d18c2d8245273782824a4321984446f65079
data/spr/spr_242_all(r),242,,00 06 00 05 00 00 00 00 00 00 00 10 00 10 00 00,sprite_binary,68da51aad801c9f060344204b3b7dcec7f56f6add3f350904efa25fb1e4236bf
data/spr/spr_243_all(r),112,,00 02 00 05 00 00 00 00 00 00 00 10 00 10 00 00,sprite_binary,3cf8a49503e98bd4d70bd8f1de82a549b82a908683701cb96f111caa2a5f60d7
data/spr/spr_244_all(r),112,,00 02 00 05 00 00 00 10 00 00 00 10 00 10 00 00,sprite_binary,f5bca1f02e60ce53c21d7de2778bc3296391f1d9c7c3c15560e724e5bd7cf01f
data/spr/spr_245_all(r),572,,00 08 00 05 00 00 00 00 00 00 00 1d 00 1a 00 00,sprite_binary,548ad48d426bd115c482e72fa3602592fd5573c26800dfae88791a6209db943e
data/spr/spr_246_all(r),572,,00 08 00 05 00 00 00 00 00 00 00 1d 00 1a 00 00,sprite_binary,60555e5ac7bdd67fcb5ca636a73b1e02c7ac32a60c1f79d1b0f54bf989ca7720
data/spr/spr_247_all(r),240,,00 05 00 05 00 00 00 00 00 00 00 30 00 3b 00 00,sprite_binary,3021de258d29ce23d36f5241e6677fdb7daabcb8f6a8982d306d96187c08c652
data/spr/spr_248_all(r),120,,00 03 00 05 00 00 00 00 00 00 00 21 00 1d 00 00,sprite_binary,9ade315b174cac16d2c0bedd17bb5a6619e078ff009d27c94f40e596fd31adaf
data/spr/spr_249_all(r),166,,00 03 00 05 00 00 00 00 00 00 00 0f 00 0f 00 00,sprite_binary,47b6eed5c188185164525aaa4322ace6323111c43cbe79b208cfe3d4d0f15eb8
data/spr/spr_24_all(r),724,,00 0a 00 05 00 00 00 00 00 00 00 0d 00 16 00 00,sprite_binary,92825b7fc66dda00c3eaceb64fec57ea5e06a90f9d33671bbab85e093583c442
data/spr/spr_250_all(r),330,,00 07 00 05 00 00 00 00 00 00 00 10 00 0f 00 00,sprite_binary,e9824e6a296ea3929776a204a0e85a0aeae356dc2922e17f1b5de5549b72d76e
data/spr/spr_251_all(r),330,,00 07 00 05 00 00 00 10 00 00 00 10 00 0f 00 00,sprite_binary,208c13b4492b615004c46ab5dd48583363c3697c986e876a8cf8acc4958b5eb1
data/spr/spr_252_all(r),330,,00 07 00 05 00 00 00 00 00 0f 00 10 00 0f 00 00,sprite_binary,2b9d9c2f5d715a7ce69f2470a1cb87aab3d428b6397c5b67fadf47e8633da965
data/spr/spr_253_all(r),330,,00 07 00 05 00 00 00 10 00 0f 00 10 00 0f 00 00,sprite_binary,56f517a6a613f2f95f2832afd339d57fafb022aaa8e1c12c874fcbe3079e0740
data/spr/spr_254_all(r),240,,00 05 00 05 00 00 00 00 00 00 00 30 00 3b 00 00,sprite_binary,c27dee8bf008faf72ba57ccf1fbaa7721d37bc054372e14748392e8daa026e49
data/spr/spr_255_all(r),182,,00 08 00 05 00 00 00 00 00 17 00 20 00 20 00 00,sprite_binary,d50a3cb07fbb135a48f709ea6b6545650b7eba6aa25487bd1f5cd25fb68a4e9c
data/spr/spr_256_all(r),182,,00 08 00 05 00 00 00 20 00 30 00 10 00 10 00 00,sprite_binary,c6fec8b6f00965d279be068074912907e5ca7e358b9c16825c51c6d1354b2fed
data/spr/spr_257_all(r),8184,,00 a7 00 05 00 00 00 01 00 24 00 5a 00 0a 00 00,sprite_binary,42667eb5694e37da4da4f8d590ec30e8278e88e5014322c778f35740c98c9a3a
data/spr/spr_258_all(r),1148,,00 38 00 05 00 00 00 1c 00 54 00 0e 00 0e 00 00,sprite_binary,70a0ea655c3eb1c5298694e1a5e488396c539bc9a0c4964873b27793e20bebfd
data/spr/spr_259_all(r),2414,,00 2c 00 05 00 00 00 00 00 00 00 12 00 15 00 00,sprite_binary,94268be53302214fefeea39c31a6016161a42352eefc3c62c5bb527948b66db0
data/spr/spr_25_all(r),724,,00 0a 00 05 00 00 00 0d 00 00 00 0d 00 16 00 00,sprite_binary,b1540d00681d529b2017183629fcc4bd5450a7642adea8b181a588f6c2bd506c
data/spr/spr_260_all(r),308,,00 08 00 05 00 00 00 00 00 00 00 26 00 26 00 00,sprite_binary,c4124a6efc2128cf7d68ee7331a39839a78b10011d313de15d8ec76ad4974aa7
data/spr/spr_261_all(r),1690,,00 1f 00 05 00 00 00 0f 00 77 00 0f 00 12 00 00,sprite_binary,5dce43bffe521b2bbaba0ff87941374cdec7d914f0a95fcfc4a32babf2d9d896
data/spr/spr_262_all(r),418,,00 03 00 05 00 00 00 27 00 00 00 37 00 3c 00 00,sprite_binary,74172232b45670546ffd842510df5b44491f1eaa9df2d1d915668b00bbbb12ab
data/spr/spr_263_all(r),1182,,00 0f 00 05 00 00 00 10 00 27 00 06 00 0e 00 00,sprite_binary,d476a56c0a362b6856a63d62b00025a27bf511a43a26f648c75c91f5cefb44d0
data/spr/spr_264_all(r),494,,00 0c 00 05 00 00 00 00 00 25 00 1b 00 2a 00 00,sprite_binary,d66381952bc011cf847a705f8b5c22f24c4997f3fe2fd738623f418681f5ecd7
data/spr/spr_265_all(r),182,,00 05 00 05 00 00 00 08 00 28 00 17 00 17 00 00,sprite_binary,c6c0c4747a681dec1601b16f4e3855ecf67fe7c4c7b0b21c29aad9c772c9f024
data/spr/spr_266_all(r),150,,00 04 00 05 00 00 00 00 00 17 00 1d 00 23 00 00,sprite_binary,f45fa842fe71b92048e90d505accf68babee1d9bdabd4ca725f6e2493b407d9e
data/spr/spr_267_all(r),848,,00 0b 00 05 00 00 00 3f 00 00 00 13 00 24 00 00,sprite_binary,8fbe62cf642b0020d33818a2a4f954cb01164792d096c58b268ab790bb9a5531
data/spr/spr_268_all(r),242,,00 04 00 05 00 00 00 01 00 1f 00 13 00 0e 00 00,sprite_binary,9ce9e81e06a159f0b337aa19f0cc372efc5336135bb97a917755d95ddf1caf92
data/spr/spr_269_all(r),1530,,00 1e 00 05 00 00 00 00 00 00 00 0d 00 0d 00 00,sprite_binary,487e0aee8f6e6f45d4f566cd79ec941809098a326020674a0f767b10330d1ca1
data/spr/spr_270_all(r),402,,00 0b 00 05 00 00 00 00 00 1a 00 1b 00 30 00 00,sprite_binary,f7831e2f6511c778903b8f260fe757ff7e3047865ce59ea7d887b9ceae63c25a
data/spr/spr_271_all(r),92,,00 01 00 05 00 00 00 1b 00 00 00 1b 00 2f 00 01,sprite_binary,4267610a3f4665273ad30098af4fbb48ebc294bc4e7a5ef602991f1979c86d96
data/spr/spr_272_all(r),294,,00 04 00 05 00 00 00 34 00 37 00 0f 00 0f 00 00,sprite_binary,70cfc41389065ee795519a3cd14f6dccc7a55d7cffa7050b29e3eaaf6198e1d9
data/spr/spr_273_all(r),1048,,00 0e 00 05 00 00 00 4c 00 00 00 27 00 2d 00 00,sprite_binary,e9e86ae5e9067ed380c38007667c7964e3701bc0575412f47d1f5494e69aecf4
data/spr/spr_274_all(r),106,,00 02 00 05 00 00 00 0f 00 00 00 0f 00 19 00 00,sprite_binary,b585435c67e02b4accde4fd5c753e146bfb5fbc553923e82c72ac71a774630a9
data/spr/spr_275_all(r),304,,00 09 00 05 00 00 00 15 00 00 00 1f 00 1a 00 00,sprite_binary,6e2e747a3eb9d86fa2fcb8e4da7e140d93b3ccedb9cc2a60cff445f11c7285ca
data/spr/spr_277_all(r),74,,00 01 00 05 00 00 00 00 00 00 00 10 00 20 00 01,sprite_binary,733128dc0bdcbd846338a29e22e202e48ab8d5514c612ffe91683c73ef4eec7c
data/spr/spr_278_all(r),594,,00 09 00 05 00 00 00 00 00 00 00 0f 00 18 00 00,sprite_binary,5c6d221a55fab5f4f10f92659017d25434bf0b2ef694c2b06daa57d8f7cabf74
data/spr/spr_279_all(r),156,,00 02 00 05 00 00 00 00 00 00 00 1c 00 25 00 00,sprite_binary,bc96a67324f069d1ff24a3a1f3d9d0c0ec3af1827ab73dfa7e8aed0a8012a051
data/spr/spr_280_all(r),586,,00 07 00 05 00 00 00 00 00 2c 00 18 00 13 00 00,sprite_binary,a9a2538a0152e147f83b766b7aab197169f65762383aadb237fe013c81343201
data/spr/spr_282_all(r),1612,,00 13 00 05 00 00 00 1d 00 a1 00 12 00 0f 00 00,sprite_binary,388b241549231eda4cb23e73bc4afd58bf2ec3bd19de213e5fed6f219b26900a
data/spr/spr_283_all(r),240,,00 02 00 05 00 00 00 00 00 00 00 0f 00 2c 00 00,sprite_binary,6b8588a735e4208149371f407a22c2b44ff8004b04905bbf5fe30f1087780805
data/spr/spr_284_all(r),662,,00 10 00 05 00 00 00 00 00 00 00 15 00 3e 00 00,sprite_binary,e9948cb81309905fe6d7f7736fb6238a02d2270c8a79e4ff3899f6bd1ad2235e
data/spr/spr_285_all(r),136,,00 09 00 05 00 00 00 2a 00 00 00 0f 00 0e 00 00,sprite_binary,190cf39812e67cbccfbd2d4b43e4ac26141beef833b2147a8de535490b95de15
data/spr/spr_286_all(r),266,,00 01 00 05 00 00 00 f7 00 58 00 0c 00 19 00 05,sprite_binary,5c855d20e9999b35d946abead2907a82516bb3d3cee012a1363adb807f101670
data/spr/spr_287_all(r),132,,00 05 00 05 00 00 00 38 00 00 00 11 00 20 00 00,sprite_binary,4ff0313341d626d5c47eacb0c2dbcbf8ffdabeadabe69bde601856bffbbaf1c1
data/spr/spr_289_all(r),290,,00 06 00 05 00 00 00 ad 00 00 00 1a 00 44 00 00,sprite_binary,363d00c2c0dce2e495d7c72d0ae9941e1051ac85af5c4a2edb5ca1c498d108e7
data/spr/spr_290_all(r),176,,00 05 00 05 00 00 00 00 00 00 00 21 00 47 00 00,sprite_binary,9ecdd388a4fba1468e0b86bcb6d463493a0b5be12a6743988c4e6703592ee459
data/spr/spr_291_all(r),380,,00 08 00 05 00 00 00 00 00 00 00 28 00 1c 00 00,sprite_binary,78d60877c41f073a680444f9b7f48bacf6f0f10523b70731e50d37fbc4247437
data/spr/spr_292_all(r),226,,00 05 00 05 00 00 00 00 00 00 00 28 00 1c 00 00,sprite_binary,0a71806b214ce853a652f04b026681ba53b5e28ecf78a76fe0ac47621104c023
data/spr/spr_294_all(r),446,,00 0f 00 05 00 00 00 00 00 00 00 21 00 1e 00 00,sprite_binary,efd0cb723b2544e432cc0f2e8871b4e8f2353ff0e3d67777ee76e4eb6be22fcc
data/spr/spr_295_all(r),416,,00 08 00 05 00 00 00 00 00 2b 00 20 00 14 00 00,sprite_binary,2c4176097ed69f610480fd562675d27577df533410fd6dcb36447971bb272c69
data/spr/spr_296_all(r),698,,00 0a 00 05 00 00 00 00 00 00 00 1a 00 3d 00 00,sprite_binary,2c2f0ec4e28097c89e1ab39a3a9db74c24fe37f3b0ebc97e29f6dd211cfe643d
data/spr/spr_297_all(r),546,,00 0a 00 05 00 00 00 27 00 38 00 14 00 1e 00 00,sprite_binary,a26fe056df911e88a5592cc0ca1637caaa78068e6a70a4f1fa1dec11216c86c7
data/spr/spr_298_all(r),174,,00 01 00 05 00 00 00 00 00 00 00 2a 00 25 00 03,sprite_binary,0ab636b0441d4dc86e9bd944ca47cd41d17d2cd676912abb035bebbe68028fa3
data/spr/spr_29_all(r),820,,00 0b 00 05 00 00 00 34 00 00 00 0a 00 22 00 00,sprite_binary,c12a85411aba72339b26271b78c8b7f7c1d3f4d6b4ca034f97867029265c5e51
data/spr/spr_2_all(r),3994,,00 66 00 05 00 00 00 00 00 00 00 1f 00 14 00 00,sprite_binary,0fd79e6818e3f9ef141c910a5e487f9be2af89f0b37d08a8698512cf9cb0a4dc
data/spr/spr_302_all(r),166,,00 01 00 05 00 00 00 00 00 00 00 2a 00 25 00 03,sprite_binary,17df8ce75a6bd95791836953279473aa6fff7834a4f25ff871c17cdf42041bef
data/spr/spr_303_all(r),92,,00 01 00 05 00 00 00 1c 00 00 00 11 00 20 00 01,sprite_binary,40dd9b64562763b2c8cef95e1274a609a153a7602d38cd53b10def87617cf843
data/spr/spr_305_all(r),240,,00 02 00 05 00 00 00 09 00 00 00 09 00 18 00 00,sprite_binary,74985234119af19aa651746ff396c3f3757ac3cfb8a31300875e2d5356850965
data/spr/spr_308_all(r),420,,00 02 00 05 00 00 00 08 00 00 00 0d 00 0d 00 00,sprite_binary,19c53414801c8deca49878f02cddf0fe00c337d7ddd05b748e3f680945d0ad06
data/spr/spr_30_all(r),1334,,00 12 00 05 00 00 00 0a 00 00 00 09 00 17 00 00,sprite_binary,5aa9e84f44a2268886726ac0dd4f7e38d56b9ce3654dd3bb9743e26896c544d1
data/spr/spr_310_all(r),92,,00 01 00 05 00 00 00 00 00 00 00 0f 00 10 00 01,sprite_binary,f77fae2e114d9d5babf54b311b9b442080bbbf9640460d8bc06d8ab9e0a393da
data/spr/spr_311_all(r),102,,00 02 00 05 00 00 00 0f 00 00 00 10 00 10 00 00,sprite_binary,0e40933ef988ee174cf30b9e1a327e4078ee27ea44bf81923ead21e3cf454a48
data/spr/spr_312_all(r),92,,00 01 00 05 00 00 00 00 00 00 00 20 00 10 00 01,sprite_binary,e009e8ffdbc409e3d5f357a7c75d9541f4f06cda3b50af81ad12bc11c3fe66fd
data/spr/spr_314_all(r),84,,00 01 00 05 00 00 00 36 00 00 00 20 00 2e 00 01,sprite_binary,4a616555394e6dc2dbb30edca36e1bd3cec9fcb8606e06cc61f30f723b44cb0c
data/spr/spr_315_all(r),92,,00 01 00 05 00 00 00 00 00 00 00 1b 00 2c 00 01,sprite_binary,6c4f309b2c68cbaec289f7038bc6e721d56b95a50d22c75c3dfde48169c68d7a
data/spr/spr_316_all(r),100,,00 02 00 05 00 00 00 00 00 2c 00 11 00 1b 00 00,sprite_binary,2b21e4ec2dd0fc1d612cf2a533ea2a18ff2e361677d967122fcaa0f28921021a
data/spr/spr_317_all(r),100,,00 02 00 05 00 00 00 11 00 2f 00 20 00 11 00 00,sprite_binary,175c6c7af4a24aea654a472891fc3ce6c8623351bfbf99cbf4570feb7688db17
data/spr/spr_318_all(r),180,,00 01 00 05 00 00 00 00 00 00 00 1c 00 25 00 04,sprite_binary,f8c59abe94a6b05a3718dc807e145a141ede425d743a7c71d2b20904440657e2
data/spr/spr_319_all(r),240,,00 02 00 05 00 00 00 00 00 00 00 0e 00 20 00 00,sprite_binary,85c84db03a1493ec46a67fa00ad988fb8033330e92aa8817d80e611d6e125adf
data/spr/spr_31_all(r),1068,,00 12 00 05 00 00 00 34 00 00 00 0a 00 22 00 00,sprite_binary,e6b9c59f66478893bbd6cb41ca0f23cfb5ad85028f221df60df4425cf07f3bcd
data/spr/spr_320_all(r),66,,00 01 00 05 00 00 00 00 00 00 00 10 00 10 00 01,sprite_binary,6ad26569f923fd9b1cbc496a38e6c45910be2249bea57b8701c26301fa7f038a
data/spr/spr_323_all(r),322,,00 03 00 05 00 00 00 01 00 00 00 94 00 95 00 01,sprite_binary,c0b5b883fce9d9b3ed21038b513d5c2320695eb0ef1aa322d1ca74e45fd71b95
data/spr/spr_324_all(r),70,,00 02 00 05 00 00 00 00 00 00 00 44 00 0f 00 00,sprite_binary,564d4ec59e4ad1a2aba37c6fa281efc9bcb8f595a69f7c773132d3f309eeb034
data/spr/spr_325_all(r),560,,00 1b 00 05 00 00 00 00 00 00 00 0c 00 0c 00 00,sprite_binary,7dfd7eaf5482fd1e7c701f4a046e69bac15b72904efbdc122e7ac6e62f52c000
data/spr/spr_326_all(r),68,,00 01 00 05 00 00 00 00 00 00 00 1c 00 14 00 01,sprite_binary,5707060f4282f4e59c6e407f7a1b4e710dda2ae26a0daabdc39c13c99f2202e8
data/spr/spr_327_all(r),268,,00 02 00 05 00 00 00 00 00 00 00 2a 00 2a 00 01,sprite_binary,ec13d61392ec70dd697f29a6b1d2df09efd4c93c52536dd77876e0773997ca68
data/spr/spr_328_all(r),56,,00 01 00 05 00 00 00 00 00 00 00 10 00 1c 00 01,sprite_binary,6664174719e3b7d2c0466df0265d304ad2fb01b0da244c3f0ac15ffd5b48efac
data/spr/spr_32_all(r),1032,,00 14 00 05 00 00 00 0a 00 00 00 09 00 17 00 00,sprite_binary,137f7079474fa8116ab36182c5d2e529f74093b0c60d1bbc689737c1a4bcbac0
data/spr/spr_335_all(r),90,,00 01 00 05 00 00 00 00 00 00 00 10 00 10 00 01,sprite_binary,ce4ca04f7d73ba4a5d3dadf746f43b9fd9642779289eef8c97d5845a69b45a27
data/spr/spr_336_all(r),1024,,00 0e 00 05 00 00 00 00 00 00 00 7d 00 cb 00 01,sprite_binary,275a2fd2d580ac74965b96f2ee16029d2b8eff00faedc8cbd7873d0aaf50a773
data/spr/spr_337_all(r),108,,00 02 00 05 00 00 00 11 00 03 00 0a 00 09 00 00,sprite_binary,4d08b4954941aa0d414ce32a017ea725eff45422d75c7666a7b72fff2a4923c9
data/spr/spr_338_all(r),74,,00 02 00 05 00 00 00 00 00 00 00 10 00 10 00 00,sprite_binary,8db9d02ecf9ff1a224169465d77982342cedf0987c49ab5b055c83efbf4e6cec
data/spr/spr_339_all(r),126,,00 04 00 05 00 00 00 12 00 00 00 0e 00 0e 00 00,sprite_binary,f60ae9200d398be7deee21731a37a1301d354c2cec75c20b15956d337e73250a
data/spr/spr_33_all(r),766,,00 0b 00 05 00 00 00 26 00 43 00 0a 00 04 00 00,sprite_binary,89ae715b4df13f6ff19abd65e34674695809b33fb373534f0d9cf4f5f57a271c
data/spr/spr_340_all(r),216,,00 01 00 05 00 00 00 00 00 00 00 16 00 18 00 07,sprite_binary,b77f20e335be792ed5ff6a364ef0607cf347deef9b96c77999f230e4a9cc1f9f
data/spr/spr_341_all(r),66,,00 01 00 05 00 00 00 00 00 00 00 22 00 28 00 01,sprite_binary,e7eb6ee2cf9794f99ef3e80bb6e425a201b0ee11eec362fff4bbcf108bc92fb9
data/spr/spr_342_all(r),92,,00 02 00 05 00 00 00 00 00 17 00 22 00 21 00 00,sprite_binary,ace3d58488956791bac6e1900a2996c3158815c9dd3af73aeb2c8b6dcd8a4942
data/spr/spr_343_all(r),860,,00 35 00 05 00 00 00 00 00 00 00 1b 00 19 00 00,sprite_binary,47d1bfd820e578b1a1526651563554db80d889ed444c9498c61f7f7b43bd6caa
data/spr/spr_344_all(r),348,,00 06 00 05 00 00 00 00 00 00 00 18 00 1c 00 00,sprite_binary,5ad804d0c78a2a52a6d48badc7662f7b25b0102125a652af55bc3f3b24d310db
data/spr/spr_35_all(r),766,,00 0b 00 05 00 00 00 05 00 06 00 0e 00 13 00 00,sprite_binary,5979fead5fcb7fb23715bc2ce0678c9837a8c3ce9d8b3ae6b7bf48117d5056b1
data/spr/spr_37_all(r),1000,,00 0b 00 05 00 00 00 00 00 03 00 0d 00 16 00 00,sprite_binary,dd069585a9b8a9abcbb4d454fd7dc89f8c4ce54884e2606d06c60beceef93446
data/spr/spr_38_all(r),946,,00 0b 00 05 00 00 00 0d 00 03 00 0f 00 16 00 00,sprite_binary,a517c6d9b2ae93a18658116556482926ddd73644b87621546175ba3910799c8f
data/spr/spr_39_all(r),890,,00 0b 00 05 00 00 00 26 00 5a 00 07 00 05 00 00,sprite_binary,f1e851af0d7ef18764c544cb66f8e76e744763f7ffe6eab96ba853b7b51e5470
data/spr/spr_3_all(r),1452,,00 40 00 05 00 00 00 00 00 00 00 13 00 0f 00 00,sprite_binary,30ede7ca7ef7d0ea5d15861d71c2a5171d3a2fd41afb5dc208893c4cefb46f9c
data/spr/spr_41_all(r),922,,00 0f 00 05 00 00 00 1b 00 26 00 11 00 10 00 00,sprite_binary,9157bf93f24f0f601d53850b5e3170b913a7cf3c75e704b26d3f30c3fa0d329d
data/spr/spr_42_all(r),1148,,00 0d 00 05 00 00 00 00 00 00 00 19 00 24 00 00,sprite_binary,05c461ee7e9cd354efe659c1852bd321169308f76ba5bb29f7a7631acf963046
data/spr/spr_43_all(r),1152,,00 0f 00 05 00 00 00 00 00 00 00 1a 00 17 00 00,sprite_binary,5750fda200a653a014d241b74c9dedc14f2804743faade0368fd91925962795a
data/spr/spr_44_all(r),738,,00 0d 00 05 00 00 00 00 00 00 00 1b 00 12 00 00,sprite_binary,08fd69856575a9ce4b4aa84cefdaa6fd70b05e2c2453d1ec18273f2da8cf5f11
data/spr/spr_46_all(r),810,,00 0e 00 05 00 00 00 00 00 12 00 1b 00 12 00 00,sprite_binary,397460cc7bb6a93c1c2ee67cfaf7d251f310e0672af93607049a3ee78eefd646
data/spr/spr_47_all(r),726,,00 0c 00 05 00 00 00 00 00 16 00 16 00 11 00 00,sprite_binary,aec51b14107e7b07f7c627ab467754330faf556b56cc97563cd5ac31d4ba256b
data/spr/spr_48_all(r),1646,,00 17 00 05 00 00 00 48 00 00 00 0c 00 0d 00 00,sprite_binary,6ac9978388f3df892a9b2f3f775ce61b3596bb5b558ba0c72ea9d2f9453d9fcb
data/spr/spr_49_all(r),1440,,00 18 00 05 00 00 00 48 00 00 00 0c 00 0d 00 00,sprite_binary,63d664b63e3a7da1a327232488d7c8f5ebfc2a8cc05fb537970160028219c50b
data/spr/spr_4_all(r),4082,,00 84 00 05 00 00 00 00 00 00 00 17 00 1b 00 00,sprite_binary,5d512e394014dc5707753c6f724acb024d0c445769794a85b893689b2a757fc3
data/spr/spr_50_all(r),852,,00 07 00 05 00 00 00 0c 00 0c 00 07 00 06 00 00,sprite_binary,8a8e5b23f13dbd4820cd8ff4a670f5792b3e7e3c4591fb1b8d3e33eb86046af1
data/spr/spr_51_all(r),1056,,00 09 00 05 00 00 00 0c 00 06 00 07 00 06 00 00,sprite_binary,21a34eb18937686fa7225c66e051876f4f4939f111a392082e85b5b9b7d639e6
data/spr/spr_52_all(r),1056,,00 09 00 05 00 00 00 22 00 00 00 0a 00 14 00 00,sprite_binary,069e5b77384f8e41c6406438ca31d12b02dd625ea786e2fd7931d0dd0a1217e0
data/spr/spr_53_all(r),616,,00 08 00 05 00 00 00 02 00 00 00 0b 00 1c 00 00,sprite_binary,9485feb1cf9c119dbaa5497fd639187ad08192e6de474e21cab2cf95a17969dd
data/spr/spr_54_all(r),970,,00 0b 00 05 00 00 00 00 00 1c 00 0d 00 16 00 00,sprite_binary,0305fa94e143e94dc04c67c0f20a155d2f5897d63af414f191ca93d0bbb0a071
data/spr/spr_56_all(r),816,,00 0a 00 05 00 00 00 00 00 00 00 1b 00 1b 00 00,sprite_binary,6b9f70e0320721139f49009f2f92fd2be94960de9d19eadeb6e3815ea85f8bac
data/spr/spr_57_all(r),626,,00 09 00 05 00 00 00 00 00 00 00 18 00 16 00 00,sprite_binary,52dd1085d91c56cc77d07997d373b272e9e5d2570e4d991f458a69ceebed83e8
data/spr/spr_58_all(r),626,,00 09 00 05 00 00 00 18 00 00 00 17 00 16 00 00,sprite_binary,badaa9b15822c8c536e1c50c56ebfe149b032fb91fed47adba73dcdf7103284f
data/spr/spr_5_all(r),1190,,00 1a 00 05 00 00 00 00 00 00 00 1a 00 14 00 00,sprite_binary,97e468badc99d4eccb53fc3cc0a1eaa0621b7d0acfbedf2962bff34acc5dd08b
data/spr/spr_60_all(r),846,,00 09 00 05 00 00 00 00 00 00 00 0f 00 23 00 00,sprite_binary,2fddd2e695ad709166e61aa712aa0d0112575abf11641d397b389678f05fec1b
data/spr/spr_61_all(r),944,,00 0a 00 05 00 00 00 00 00 00 00 0f 00 23 00 00,sprite_binary,762b30e70f3505d9677d7c8c0e1aa3b9e8d1573d0e218edaf3223981b948f7ec
data/spr/spr_62_all(r),846,,00 09 00 05 00 00 00 00 00 00 00 0f 00 23 00 00,sprite_binary,d2b4e35c6a8bdd77f6401382ef442e34c6ca84e5e73d8044ca637d9634d9fb43
data/spr/spr_63_all(r),872,,00 0c 00 05 00 00 00 00 00 00 00 0a 00 14 00 00,sprite_binary,025adc240737feb9e97706ed09ac3206b8a49aa834e8137ad4d90db94c3285b9
data/spr/spr_64_all(r),872,,00 0c 00 05 00 00 00 0a 00 00 00 0c 00 14 00 00,sprite_binary,014557db2cf4338b0f4aaff4c477d383a80cd7f4ee31fb85178e272e54e5e989
data/spr/spr_65_all(r),1216,,00 14 00 05 00 00 00 00 00 00 00 15 00 28 00 00,sprite_binary,550da77f20ec95ef0f70546d36a6ecc9f2acdf467e317d8aa4567d67315ec3ce
data/spr/spr_66_all(r),606,,00 07 00 05 00 00 00 00 00 00 00 0b 00 23 00 00,sprite_binary,a660659da1d278a9416ee9be444104128a3d21f1aa33596eb4a5033898be1762
data/spr/spr_68_all(r),562,,00 0e 00 05 00 00 00 00 00 00 00 0f 00 25 00 00,sprite_binary,fc74ce3fc9e10d6e0d4e0b6d36f9c844200f8eeb03d377780113e327d6f5a35f
data/spr/spr_69_all(r),1428,,00 0e 00 05 00 00 00 00 00 00 00 0b 00 1d 00 00,sprite_binary,8706a1380725e746f399847fc3e11cd6759d5a3f15f4bf2dbfefa87599e8cfbc
data/spr/spr_6_all(r),1038,,00 12 00 05 00 00 00 00 00 00 00 1a 00 17 00 00,sprite_binary,aa51ee63304c35bdad6b218da3eb0c139f198c49e56683aac46f93b9f52968a7
data/spr/spr_71_all(r),1012,,00 0e 00 05 00 00 00 00 00 00 00 18 00 20 00 00,sprite_binary,9dd57e8fbb2ca5da65f50cf996eec469ef2edfca446fe5ebdaca81040e665d23
data/spr/spr_72_all(r),880,,00 0e 00 05 00 00 00 00 00 00 00 18 00 21 00 00,sprite_binary,a65e8c0109e9d4ef69d1df2c365359d0aa15c9b8919b3397146790adde15a525
data/spr/spr_74_all(r),756,,00 0a 00 05 00 00 00 0c 00 00 00 0a 00 15 00 00,sprite_binary,5a707cb82691c99b7e4f16ad0f7ee81767c842b5821fd03188de7a3d20a0e6db
data/spr/spr_75_all(r),732,,00 0a 00 05 00 00 00 60 00 00 00 0e 00 1c 00 00,sprite_binary,252f76a78778646c9a4c7209f3a4a684cf376243275d4e76c6f20a0cc24244f6
data/spr/spr_79_all(r),518,,00 0e 00 05 00 00 00 0d 00 00 00 0d 00 13 00 00,sprite_binary,a884fb33074828b95ebb4e1f31653dfd17d26ed8cb82b06f09af5c89cba4f20c
data/spr/spr_7_all(r),1304,,00 20 00 05 00 00 00 4a 00 00 00 19 00 15 00 00,sprite_binary,2dd2d64f834f97c47b46dcb0bb29c5d259713cd66ba0c73d146fb8efa347a04b
data/spr/spr_81_all(r),1238,,00 15 00 05 00 00 00 00 00 00 00 1a 00 23 00 00,sprite_binary,54172bda97d42c9738a5ddbfe8df82b5cce022092237baf2befa4b9ffd633bb0
data/spr/spr_83_all(r),2108,,00 2a 00 05 00 00 00 1e 00 00 00 0f 00 10 00 00,sprite_binary,221adfb05c4da40e912357f124510910d23539705f8c44c57a108d598092b03d
data/spr/spr_84_all(r),66,,00 01 00 05 00 00 00 00 00 00 00 6c 00 71 00 01,sprite_binary,f0226c5af6739d06bb3315ee4682855eca1de2fc3656e9a5d2763da96ed1af3a
data/spr/spr_85_all(r),66,,00 01 00 05 00 00 00 00 00 00 00 6d 00 73 00 01,sprite_binary,f7a5ffd4a6a698c0963df2f6170edcabe7d07f22d83f773026a41bb8115ed29d
data/spr/spr_86_all(r),46,,00 01 00 05 00 00 00 00 00 00 00 47 00 1f 00 01,sprite_binary,658c176b9d397dbd2dfe36f42965bde7b6d1c2a338eee928f762623a7eb03c52
data/spr/spr_87_all(r),46,,00 01 00 05 00 00 00 00 00 00 00 2c 00 30 00 01,sprite_binary,ba27a6c87a1b75741a55415656e5c85563f0f5e31566aad976a5a29890ac268c
data/spr/spr_88_all(r),46,,00 01 00 05 00 00 00 00 00 00 00 3e 00 3e 00 01,sprite_binary,026588afd1bc429ab5e877047199559d563cff7399d364bbe92ec1165332115b
data/spr/spr_89_all(r),46,,00 01 00 05 00 00 00 00 00 00 00 3b 00 31 00 01,sprite_binary,b138f5a9eaeb6781229ca9cb28f0a997fc310652b77c7eb4073957d03497d7f0
data/spr/spr_8_all(r),1304,,00 20 00 05 00 00 00 4a 00 00 00 19 00 15 00 00,sprite_binary,3815e3b5ff4af917340db4b42f5ebf0b1a16372ec7cb9c394ad2901e9b498119
data/spr/spr_90_all(r),46,,00 01 00 05 00 00 00 00 00 00 00 2f 00 30 00 01,sprite_binary,52e3bfabd18912b58bdab982bc4166c85dff0655000a8d2426a917a718e49111
data/spr/spr_91_all(r),46,,00 01 00 05 00 00 00 00 00 00 00 4e 00 3d 00 01,sprite_binary,fdb9e3f8df87dd9462a0aafb0b3d14953bd64ea7b02b2ed2d068cfa97fd5ee42
data/spr/spr_92_all(r),66,,00 01 00 05 00 00 00 00 00 00 00 23 00 33 00 01,sprite_binary,2d71d71e6e7b7a091c9ab430c10049795f0bdb511580c683fa06b8452ef1bd7d
data/spr/spr_93_all(r),40,,00 01 00 05 00 00 00 00 00 00 00 39 00 4d 00 01,sprite_binary,ef4a2a5121662223f708c0e0ab677b002be33dc2264995a2cedf129d67817669
data/spr/spr_94_all(r),46,,00 01 00 05 00 00 00 00 00 00 00 57 00 55 00 01,sprite_binary,e19a2e709bee186ca26106b64aa5a6fa136f544d8d77d7e74b9e2f2e409613da
data/spr/spr_95_all(r),46,,00 01 00 05 00 00 00 00 00 00 00 3d 00 2b 00 01,sprite_binary,738f88b9048436dfc35c64d13502721cdc89b7eb717b9572ff7834590d45db34
data/spr/spr_96_all(r),46,,00 01 00 05 00 00 00 00 00 00 00 49 00 3f 00 01,sprite_binary,9a949d092886b5eae37c564f26f94fae5a09587e0330945a2cce2a76bb2dd05c
data/spr/spr_97_all(r),46,,00 01 00 05 00 00 00 00 00 00 00 39 00 2f 00 01,sprite_binary,df8224c729871337333b275abfc1713dc3ed964d144c8784ae5d426e178578d4
data/spr/spr_98_all(r),46,,00 01 00 05 00 00 00 00 00 00 00 39 00 33 00 01,sprite_binary,14da53f8522bf85326837057794188dc7d2e3c4ae2de91cd8afa29f466a4145d
data/spr/spr_99_all(r),46,,00 01 00 05 00 00 00 00 00 00 00 34 00 39 00 01,sprite_binary,18154364780ddf281b748783569b3044f967623ec9b89973c95218481a3a4865
data/tex/bk.mid,58,.mid,00 00 00 18 00 00 00 20 08 06 00 00 00 2c 78 da,png_chunk_container_or_raw_png,74ab3845ef61ffc3dbba04e63bc2907b56f285937de713d49c6052324ca9f215
data/tex/blood_0.mid,172,.mid,00 00 00 63 00 00 00 0c 08 03 00 00 00 09 ff f0,png_chunk_container_or_raw_png,0c0d032780b20090592ccb69b20e5a57be8a4965531c3cded6ba495cccd1ebfb
data/tex/blood_1.mid,389,.mid,00 00 00 a5 00 00 00 13 08 03 00 00 00 21 ff f0,png_chunk_container_or_raw_png,a5d1d8f187fdcb2f74da5e443ea9b505ea007237209598c225bcc57114bfd9e7
data/tex/blood_2.mid,185,.mid,00 00 00 63 00 00 00 0c 08 03 00 00 00 09 1e 6b,png_chunk_container_or_raw_png,e05d7ebbe043c0bd2ac2c9b61f4b9553ab8bce02d32d122e4b23d84bfc7dd12e
data/tex/down0.mid,416,.mid,00 00 00 6f 00 00 00 2b 08 03 00 00 00 0c 3a 3a,png_chunk_container_or_raw_png,c6b78f864d83a71f2902b674be57ee2249164793ed82d4c372d954f36bd23204
data/tex/down1.mid,165,.mid,00 00 00 2f 00 00 00 30 08 03 00 00 00 0c ac ac,png_chunk_container_or_raw_png,3b436ba34ee27b8c094f130fb0757867b3e81c716fc78f4d6955ea3a27eae727
data/tex/down2.mid,222,.mid,00 00 00 2f 00 00 00 30 08 03 00 00 00 0c 6f 6f,png_chunk_container_or_raw_png,46d9758c6b91c9acac33808216996cf9217829c183ae6944023044b66c490713
data/tex/down3.mid,237,.mid,00 00 00 2f 00 00 00 30 08 03 00 00 00 0c 37 37,png_chunk_container_or_raw_png,711cfc49ed8b4d8d01dbec1508d7e8bd2c96b1b9a35d56950a3e30bc204dd85c
data/tex/fire0.mid,150,.mid,00 00 00 06 00 00 00 08 08 06 00 00 00 88 78 da,png_chunk_container_or_raw_png,53c7bc83c80988f51d9be2f5423519e7f85eb2f206d69b5083af5cf7ec041625
data/tex/fire1.mid,275,.mid,00 00 00 0a 00 00 00 0b 08 06 00 00 01 05 78 da,png_chunk_container_or_raw_png,5192061af973213e903868e4c06a23a6085994eb440a669067f0881730dbf7e1
data/tex/fire2.mid,391,.mid,00 00 00 0b 00 00 00 10 08 06 00 00 01 79 78 da,png_chunk_container_or_raw_png,b866b5a0f1d1891069597c0708b12479d28583b05bf5723da670d795ff684dab
data/tex/gold.mid,97,.mid,00 00 00 0a 00 00 00 0a 08 03 00 00 00 0f e1 b0,png_chunk_container_or_raw_png,bfa9f6001f4d60eb537ceee50003e13a269316e935b46977cba98e7f0d44c8fd
data/tex/hide.mid,162,.mid,00 00 00 18 00 00 00 20 08 06 00 00 00 94 78 da,png_chunk_container_or_raw_png,91c6e7038699a769a1e6fdbf450935cbd3c370ca2cc492ee1a07e4e196692d73
data/tex/ikon_1.mid,418,.mid,00 00 00 31 00 00 00 31 08 03 00 00 00 45 01 e4,png_chunk_container_or_raw_png,61b288e4932ab3076d5584a7426c31feff52f5b3a28b607016b1beaa4da604cf
data/tex/menu.mid,18400,.mid,89 50 4e 47 0d 0a 1a 0a 00 00 00 0d 49 48 44 52,png_image,e6d28e9638b3e7ddf0b6903bcc2fa54c2a3136fabd135ad42b95ca18ad7df371
data/tex/star0.mid,65,.mid,00 00 00 04 00 00 00 04 08 06 00 00 00 33 78 da,png_chunk_container_or_raw_png,9a8607dec57c063f9591111553d2e4da5fd52d981bcd43f761a80a805b28fb1b
data/tex/star1.mid,178,.mid,00 00 00 06 00 00 00 06 08 06 00 00 00 a4 78 da,png_chunk_container_or_raw_png,99d22b45e663d38fdb8acea767a007cc87f69e65292b216c4db8483475daee04
data/tex/star2.mid,1074,.mid,00 00 00 18 00 00 00 18 08 06 00 00 04 24 78 da,png_chunk_container_or_raw_png,25a16a0f98702da1e66d017dafbfa46473c242ea15a3a6c0b44b702bb1002ac0
data/tex/star3.mid,1654,.mid,00 00 00 1b 00 00 00 18 08 06 00 00 06 68 78 da,png_chunk_container_or_raw_png,0b39e237d3be80dc80cc66f82b31fde27cba6f3b93dd1b1a5ff35bd5c4cb56e7
data/tex/tex_0.mid,299,.mid,00 00 00 10 00 00 00 10 08 03 00 00 00 99 00 6c,png_chunk_container_or_raw_png,e9fd86463f97518f5bfff8457f3a3320d70e5f3acb9e0630b90535d46628d51c
data/tex/tex_1.mid,61,.mid,00 00 00 10 00 00 00 10 08 03 00 00 00 0c 7f 7f,png_chunk_container_or_raw_png,1b8c1e94fe06be0d30a09d55452b194c78edaebeb9da6add031f93656158a454
data/tex/tex_2.mid,138,.mid,00 00 00 10 00 00 00 10 08 03 00 00 00 30 00 e7,png_chunk_container_or_raw_png,4b52fe45980fc4b3d5bb29dc332436e182000e07028a6691b3c058cf36b9d037
data/tex/tex_3.mid,198,.mid,00 00 00 10 00 00 00 10 08 03 00 00 00 54 ff da,png_chunk_container_or_raw_png,3d916a7acb6f98160e81251eb8f4c63f7f9bafe545394e61f16bbea733d5a7c7
data/ui/answer.ui,994,.ui,ff ff 00 01 00 00 00 00 00 00 00 00 00 00 00 00,ui_layout_binary,3bdfe4f816289a208187847e4e427faad6d0943702fab5905ed439298f457c0f
data/ui/badge.ui,1801,.ui,ff ff 00 01 00 00 00 00 00 00 00 00 00 00 00 06,ui_layout_binary,7edec56ce0cf5826aa6fa71588a6fd42e977b2196e6fdbe17726aa794474b355
data/ui/bag.ui,8110,.ui,ff ff 00 01 00 00 00 00 00 00 00 00 00 00 00 00,ui_layout_binary,d7d301852f2049c4bece24a7f7d7675bf9369a76651404b66a8fcd658f79a046
data/ui/battle.ui,3118,.ui,ff ff 00 01 00 00 00 00 00 00 00 00 00 00 00 00,ui_layout_binary,958d787556a7f280edf617306f2302db1886f6ca1f930640625ad113850de569
data/ui/bodyShop.ui,1003,.ui,ff ff 00 01 00 00 00 00 00 00 00 00 00 00 00 00,ui_layout_binary,85a70ee297329461b3aa1558c6c8db12d7214c3e1240d12b6599ebc5e9dafc53
data/ui/choice.ui,1985,.ui,ff ff 00 01 00 00 00 00 00 00 00 00 00 00 00 00,ui_layout_binary,eb9004cbdc2c949cbe0d06884ecbec7043cd1384f283469b5cf03b1c7f6fda6c
data/ui/choiceskill.ui,1598,.ui,ff ff 00 01 00 00 00 00 00 00 00 00 00 00 00 00,ui_layout_binary,8fee3547ac03f9c0952db371c13bad6d79e1e736f2145e15990d72bd2ce3b2d4
data/ui/dialog.ui,313,.ui,ff ff 00 01 00 00 00 00 00 00 00 00 00 00 00 00,ui_layout_binary,fe9608ad7e546d1f22a6cb4b60619784dffad2e4f3b6e51bbc3f9224ef055d9a
data/ui/evolve.ui,2621,.ui,ff ff 00 01 00 00 00 00 00 00 00 00 00 00 00 00,ui_layout_binary,7e5fc4dba95ed4eff0d439a1a8655d78a2d757d6bc4aac7ff5f3e493d2766a17
data/ui/gamemenu.ui,1284,.ui,ff ff 00 01 00 00 00 00 00 00 00 00 00 00 00 00,ui_layout_binary,a7fcc3de699e9e9184cc0720a7e8bc9b8989eb88a2c573df6ab22f67a8f07fb5
data/ui/gamesystem.ui,822,.ui,ff ff 00 01 00 00 00 00 00 00 00 00 00 00 00 00,ui_layout_binary,88c6bdc48b5b88f1a013730da49a28851cbd347bc03d8b2b2b0583bef55365b1
data/ui/help.ui,671,.ui,ff ff 00 01 00 00 00 00 00 00 00 00 00 00 00 00,ui_layout_binary,4186234f68f1d26f4104eb81721c693dba9b0cd641b8080cb0a96cd3de3d73ac
data/ui/help1.ui,1978,.ui,ff ff 00 01 00 00 00 00 00 00 00 00 00 00 00 00,ui_layout_binary,8395528b29061a8c9d27d5b9b1b76699f842224271106923c427ded9d232450f
data/ui/levelUp.ui,2114,.ui,ff ff 00 01 00 00 00 00 00 00 00 00 00 00 00 00,ui_layout_binary,c2d90bc5b06b91cd281e7384befacffab41aeeb5ba7a41f9fe2b8207c269ce54
data/ui/msgconfirm.ui,247,.ui,ff ff 00 01 00 00 00 00 00 00 00 00 00 00 00 00,ui_layout_binary,5aff03aff4c97c67d9cdc24cf09f8b28bbfc6c0e1d98e0e1ebf423da5e0a4060
data/ui/msgRecover.ui,443,.ui,ff ff 00 01 00 00 00 00 00 00 00 00 00 00 00 00,ui_layout_binary,34bb4915e25e02f0d3808d73900f92443988fb5fe42b3aa8cb4ebf90eadc3736
data/ui/msgtip.ui,215,.ui,ff ff 00 01 00 00 00 00 00 00 00 00 00 00 00 00,ui_layout_binary,fb0c93ccbb8788815d8bef4a87749194387f5d6769aeb45052af2374668d1c1d
data/ui/msgwarm.ui,406,.ui,ff ff 00 01 00 00 00 00 00 00 00 00 00 00 00 00,ui_layout_binary,0404da6314fe1bc7fde5212bef57318f3b13622f7873fd5b619a8b9a4a7708d4
data/ui/msgyn.ui,887,.ui,ff ff 00 01 00 00 00 00 00 00 00 00 00 00 00 00,ui_layout_binary,3904c36dd86458f22113fec16fe44a9d76792474c338328f91a2df7ac82cfc8f
data/ui/npcEnemy.ui,1783,.ui,ff ff 00 01 00 00 00 00 00 00 00 00 00 00 00 00,ui_layout_binary,5b7297bf760aeaddb121a4b8282f011c70de6eb27b19a8366e8e42fbb3f2d0c1
data/ui/openbox.ui,117,.ui,ff ff 00 01 00 00 00 00 00 00 00 00 00 00 00 00,ui_layout_binary,6240f31f7ffbaf21b5c9df506b6bc616f2009c5dbb69827a749dfe7c9cc1bf6b
data/ui/option.ui,355,.ui,ff ff 00 01 00 00 00 00 00 00 00 00 00 00 00 00,ui_layout_binary,b4e82ddeddb7441b0c462763e1ee7237134a1c9aee154f01ba72abf3b13c1434
data/ui/petmap.ui,2364,.ui,ff ff 00 01 00 00 00 00 00 00 00 00 00 00 00 00,ui_layout_binary,9f9501e2c02dd29828412709965c0fc8322703cbca4b42fb18c1fb5c8f2eb876
data/ui/petsetting.ui,731,.ui,ff ff 00 01 00 00 00 00 00 00 00 00 00 00 00 00,ui_layout_binary,659627c2a0a147d6812a65908a78f9109e0beeb6811bcb353042c926ccb3cbda
data/ui/petstate.ui,3959,.ui,ff ff 00 01 00 00 00 00 00 00 00 00 00 00 00 00,ui_layout_binary,51f3775397bac851c70966ce9ee00fb1b56a6b60180173aea80d3e8213c3ebea
data/ui/record.ui,1827,.ui,ff ff 00 01 00 00 00 00 00 00 00 00 00 00 00 00,ui_layout_binary,5984ba732c973598ae343c664c70ef02b3e23e4270b5f57b4e95e195e5923d21
data/ui/ride.ui,1122,.ui,ff ff 00 01 00 00 00 00 00 00 00 00 00 00 00 00,ui_layout_binary,755d7be82675092b8f8f129c37218cb5035d75f18cabf02f342e2dac35f88036
data/ui/shop.ui,742,.ui,ff ff 00 01 00 00 00 00 00 00 00 00 00 00 00 00,ui_layout_binary,1c10fad9253f97b9fa0aa0c186d2b918f08ca2e17025c01a57ca3d6261bbc6d2
data/ui/shopbuy.ui,2489,.ui,ff ff 00 01 00 00 00 00 00 00 00 00 00 00 00 00,ui_layout_binary,6b9e3dbd955478f06f47450fe74aa36b7b84346f4de143c8340e6f5e5afb51a3
data/ui/shopsale.ui,1875,.ui,ff ff 00 01 00 00 00 00 00 00 00 00 00 00 00 00,ui_layout_binary,b30c1559dad683e3762b90b30bcb48fc972a74b08463ad85f6bcff1841dec6a3
data/ui/skill.ui,1188,.ui,ff ff 00 01 00 00 00 00 00 00 00 00 00 00 00 00,ui_layout_binary,146b4e4d0ee0e169bdb6cf0300abe9791d7af4d03b57c19cc8f9fb94b476679b
data/ui/smsInfo.ui,590,.ui,ff ff 00 01 00 00 00 00 00 00 00 00 00 00 00 00,ui_layout_binary,c66a1bba27544eb0f76a89fd3870e11c753896d4dc3aa2fad2c289d64dad016b
data/ui/smsTip.ui,411,.ui,ff ff 00 01 00 00 00 00 00 00 00 00 00 00 00 00,ui_layout_binary,5e75aaaac02bf9297037893df1f9625c1e26752545c06153ed1144e320216458
data/ui/task.ui,2203,.ui,ff ff 00 01 00 00 00 00 00 00 00 00 00 00 00 00,ui_layout_binary,41b7185e87b3bfc49c0931e319d05ccec7c8d0cf6cbe5adbbc23de601f5e2fee
data/ui/taskOption.ui,1036,.ui,ff ff 00 01 00 00 00 00 00 00 00 00 00 00 00 00,ui_layout_binary,f531bc865d5ee935097826725cbb046f47b9317dfb5bfd563886016822720d55
data/ui/taskTip.ui,117,.ui,ff ff 00 01 00 00 00 00 00 00 00 00 00 00 00 00,ui_layout_binary,3483c7c3e6c169a854477f2418242ca9dd4134620cafcf04ee76d3a12daa2ede
data/ui/transmit.ui,839,.ui,ff ff 00 01 00 00 00 00 00 00 00 00 00 00 00 00,ui_layout_binary,a6e988835b656da1f6e0b95c3c27eb3f8318e8aab2940a0f9baa4b341968e74c
data/ui/wharf1.ui,613,.ui,ff ff 00 01 00 00 00 00 00 00 00 00 00 00 00 00,ui_layout_binary,ddedf8833caa5730a45ea3d80d3e602acab7f5f1fdfe3f91b7df1d33406ba68e
data/ui/wharf2.ui,743,.ui,ff ff 00 01 00 00 00 00 00 00 00 00 00 00 00 00,ui_layout_binary,642a39082fc770ad34d4c6fca10ab2f37304c33881aa23dadb80a085330d260e
data/ui/world.ui,362,.ui,ff ff 00 01 00 00 00 00 00 00 00 00 00 00 00 00,ui_layout_binary,9900a635d05f0298d28af68a8d93fed0f4c02c5e82f4675715a133e288c37c49
dcn.bin,902,.bin,44 4a 53 4d 53 43 6f 64 65 31 3a 38 38 7c 33 33,unknown_or_misc,f04b8643272a4c386cb0a7a8b8e560031e972f4fd04da8b72af3295e4ce390e1
e.class,519,.class,ca fe ba be 00 00 00 2f 00 26 07 00 22 07 00 24,java_class,84091ddd9bcf0bf59fe5462f3f26b319dd9efe6c752959e442c59d36eb91fc08
f.class,1817,.class,ca fe ba be 00 00 00 2f 00 70 07 00 62 07 00 63,java_class,3d36c0141c14ede11153eeb186058c4e3e29aac2ffbfce42c512a3a0e603415e
font.bin,2264,.bin,01 c5 41 42 43 44 45 46 47 48 49 4a 4b 4c 4d 4e,unknown_or_misc,1168e0efef80a3ec194f25ee680af9080d98a50c991da6a90325932aa13fb104
g.class,243,.class,ca fe ba be 00 00 00 2f 00 19 07 00 12 07 00 17,java_class,3b09e70cf46c1e1730885452ed84fe86b4bef5d6df7706737f640dec66c423cf
game/a.class,10148,.class,ca fe ba be 00 00 00 2f 01 4d 03 00 00 ff 00 03,java_class,daefe36d1ca3d947321538546ea6eff00ca3e086f730a11c5317dbc6a3198930
game/b.class,18977,.class,ca fe ba be 00 00 00 2f 01 99 03 00 00 91 b4 08,java_class,0e38df2f62e9014877bcfe8b8d46293e26fb56d5c1879b2d70a57ba75b082b0f
game/c.class,30324,.class,ca fe ba be 00 00 00 2f 03 9e 03 00 03 00 20 03,java_class,b0cfe37c296bf7ec91490242a1433b509c5ab23f7da9a8fab46a9799196a94d6
game/d.class,39128,.class,ca fe ba be 00 00 00 2f 03 d0 03 00 00 80 40 03,java_class,bd07d9674c92738cf1f0fdcec9112e0d2c15a6040937165ce5c3608e4f92b9d2
game/e.class,2233,.class,ca fe ba be 00 00 00 2f 00 9b 07 00 77 07 00 78,java_class,298c1efecc7d1002bdae6ed670d178602152fa56e094430123065113cda9c0bc
game/f.class,4993,.class,ca fe ba be 00 00 00 2f 01 12 03 00 00 80 40 03,java_class,58604bb99f810948a08b6bd544f381e0b6d55bbe715c0d9f91c232651f53bdd5
game/g.class,23727,.class,ca fe ba be 00 00 00 2f 02 4f 08 01 e3 08 02 4e,java_class,9e5f29c1ccd6a83bbc8c1454ef4c63e0fdf7b214911479669bace2b97740df08
game/GameMIDLet.class,793,.class,ca fe ba be 00 00 00 2f 00 32 07 00 27 07 00 28,java_class,c22c6b77bb2c5c0d2348252a7fa4c17a01db962190d2f60ff35c17783da9115c
game/h.class,89885,.class,ca fe ba be 00 00 00 2f 06 3b 01 00 06 67 61 6d,java_class,47ccf35f23bc0cf178fe97b37f08a30fb161a625ce8a84ec482eee2c9a735a30
game/i.class,8054,.class,ca fe ba be 00 00 00 2f 01 c7 03 88 00 00 00 03,java_class,5f3ef292b25d3c3cb93bf2077044d47e6e00145e675f5faed8ab294efc3b9812
game/j.class,7653,.class,ca fe ba be 00 03 00 2d 01 14 03 00 ff ff ff 08,java_class,34e4ad134d584135691464c826434bed8b198418b0ab8d5aea5d1230f00e6e6e
game/k.class,47604,.class,ca fe ba be 00 00 00 2f 05 d7 03 00 00 80 40 03,java_class,e23647c8bcb49f48375cab2493d5836b51b664d91666c5358f8635845b679db8
h.class,712,.class,ca fe ba be 00 00 00 2f 00 2f 08 00 16 07 00 22,java_class,67e57cd1af357ef530639a954721042e2c17efc5569a91f0a113b6733ba20974
i.class,73,.class,ca fe ba be 00 00 00 2f 00 07 07 00 05 07 00 06,java_class,fd9baf3bea9285b6d0441a288576e5e5554664d823d7a1bbaa243cb9708c3284
icon.png,876,.png,89 50 4e 47 0d 0a 1a 0a 00 00 00 0d 49 48 44 52,png_image,aeb5434f76379c8dae78e99473992c87f894ca7596f9001e476f7cf86318891f
j.class,7201,.class,ca fe ba be 00 00 00 2f 00 f8 08 00 92 08 00 ae,java_class,6633ca294d3e96ad7b06927eaba12c307698b8e8a0f3ec2ee0d638542945f769
k.class,2946,.class,ca fe ba be 00 00 00 2f 00 b5 03 00 ff ff ff 08,java_class,bf47f99d7415a58c857aba9508291c7de79c80f2b8155bb0e6cb477016d14bc1
l.class,3204,.class,ca fe ba be 00 00 00 2f 00 68 03 ff 00 00 00 03,java_class,053b8e51993894c4710d12ab3108ba6dbcdbdf59b5c0f5b132bf723375a7193e
l2.bin,1069,.bin,65 61 38 63 33 34 31 64 32 34 36 62 31 34 36 36,unknown_or_misc,151f4830c76a4fc42e87e1725d7c0585183bcd0e6e77787b36586d2c0e5f00ff
lavax/wireless/messaging/MessageConnection.class,429,.class,ca fe ba be 00 03 00 2d 00 1a 01 00 2a 6c 61 76,java_class,5995d7063067629a0968a27d614a4e0e76e29508fdc17cae56139c042e90c500
m.class,2026,.class,ca fe ba be 00 00 00 2f 00 49 07 00 40 07 00 42,java_class,0de6e6f2b62648b4f108c41b7d1f0c8bbfd20d28b3564c06f7c1771d21247b46
META-INF/MANIFEST.MF,503,.MF,4d 61 6e 69 66 65 73 74 2d 56 65 72 73 69 6f 6e,unknown_or_misc,36f19e098c48814a07b75bac200f49446b31f4895d7072f052111ec8098c3b17
n.class,2313,.class,ca fe ba be 00 00 00 2f 00 5d 07 00 46 07 00 48,java_class,85c65868c1f9e2ca0be45c4861d51de6488b954e0ce07d6f013cfe627ddad657
o.class,219,.class,ca fe ba be 00 00 00 2f 00 15 07 00 13 07 00 14,java_class,c120f2985d17266c68cb0db115657fd3ed5ce04510d80a46209a9a3a0f960d52
p.class,1281,.class,ca fe ba be 00 00 00 2f 00 49 07 00 38 07 00 3a,java_class,b9582029284d4c8fd8ec26f7348406e6187905cf9198cc237aa7f3dd8df03939
q.class,8837,.class,ca fe ba be 00 03 00 2d 01 e2 03 00 43 80 bc 03,java_class,f9dfe015d1615d87546f3f416f547ae0a46faf8350697a4239ebbecadb010696
r.class,283,.class,ca fe ba be 00 03 00 2d 00 1b 07 00 16 07 00 18,java_class,f6832e75239747a3704b01324d1f63bdc59e83cb0556cbc895ad158d8ae99276
s.class,3698,.class,ca fe ba be 00 03 00 2d 00 b4 08 00 61 08 00 7a,java_class,f3a83b5d24e027b34fa467db03d109c759482865a99655e14ae4679a98e16712
t.class,4589,.class,ca fe ba be 00 00 00 2f 00 c8 07 00 a2 07 00 a3,java_class,e4f386f6a0414f66683e861b46f82cb030170fbf3ffd6b7ee3ebad2c988d3ab4
u.class,4316,.class,ca fe ba be 00 03 00 2d 00 d2 08 00 73 08 00 74,java_class,af16976eed91165575d45b1cbf9a1709b86a557d175a57f50a4ce96966708252
v.class,1853,.class,ca fe ba be 00 03 00 2d 00 5a 08 00 2f 08 00 30,java_class,a69a5fe1de0632eff4458ce53e37964c3d200378b8a29bd69ce3ed7813359691
w.class,390,.class,ca fe ba be 00 00 00 2f 00 1b 07 00 18 07 00 1a,java_class,ad40600f8dda5b90de4abffae037025d5f8d6108d4c08cbec077d37842520f47
x.class,72,.class,ca fe ba be 00 03 00 2d 00 07 07 00 05 07 00 06,java_class,5fb04b5b03c6db533076c439f9889c024db6e07ee822b65b2a02ec77956dc470
y.class,443,.class,ca fe ba be 00 03 00 2d 00 1a 07 00 15 07 00 16,java_class,b1778de27f5502496242cbca68d7b84d2d516e36c0dbc5bf9f62afcad34fabb9
z.class,5727,.class,ca fe ba be 00 00 00 2f 00 a1 07 00 7e 07 00 80,java_class,ee117a3ef82b7b6ea167aec955fb4a8113dc385dc90709371608065810c4e94f
